question_number,course_id,option_letter,option_text,is_correct
1,206,A,Projected impact of current business on future business,False
1,206,B,Cost-benefit analysis of running the current business,False
1,206,C,Cost of regulatory compliance,False
1,206,D,Expected costs for recovering the business,True
2,206,A,Risk identification,False
2,206,B,Risk classification,False
2,206,C,Control self-assessment (CSA),False
2,206,D,Impact assessment,True
3,206,A,phishing.,False
3,206,B,denial of service (DoS),False
3,206,C,structured query language (SQL) injection,True
3,206,D,buffer overflow,False
4,206,A,Unicode translation,False
4,206,B,Secure Sockets Layer (SSL) encryption,False
4,206,C,Input validation,True
4,206,D,Digital signatures,False
5,206,A,System flowchart,False
5,206,B,Data flow diagram,False
5,206,C,Process flowchart,True
5,206,D,Entity-relationship diagram,False
6,206,A,Phased approach,False
6,206,B,Direct cutover,False
6,206,C,Pilot study,False
6,206,D,Parallel run,True
7,206,A,perform a business impact analysis (BIA).,False
7,206,B,issue an intermediate report to management.,False
7,206,C,evaluate the impact on current disaster recovery capability.,True
7,206,D,conduct additional compliance testing.,False
8,206,A,Block all compromised network nodes.,False
8,206,B,Contact law enforcement.,False
8,206,C,Notify senior management.,False
8,206,D,Identity nodes that have been compromised.,True
9,206,A,Assurance that the new system meets functional requirements,False
9,206,B,More time for users to complete training for the new system,False
9,206,C,Significant cost savings over other system implemental or approaches,False
9,206,D,Assurance that the new system meets performance requirements,True
10,206,A,Modify applications to no longer require direct access to the database.,False
10,206,B,Introduce database access monitoring into the environment,True
10,206,C,Modify the access management policy to make allowances for application accounts.,False
10,206,D,Schedule downtime to implement password changes.,False
11,206,A,Enterprise risk manager,False
11,206,B,Project sponsor,False
11,206,C,Information security officer,False
11,206,D,Project manager,True
12,206,A,Identifying relevant roles for an enterprise IT governance framework,False
12,206,B,Making decisions regarding risk response and monitoring of residual risk,False
12,206,C,"Verifying that legal, regulatory, and contractual requirements are being met",False
12,206,D,Providing independent and objective feedback to facilitate improvement of IT processes,True
13,206,A,Require all employees to sign nondisclosure agreements (NDAs).,False
13,206,B,Develop an acceptable use policy for end-user computing (EUC).,False
13,206,C,Develop an information classification scheme.,True
13,206,D,Provide notification to employees about possible email monitoring.,False
14,206,A,firewall standards.,False
14,206,B,configuration of the firewall,False
14,206,C,firmware version of the firewall,False
14,206,D,location of the firewall within the network,True
15,206,A,Carbon dioxide,True
15,206,B,FM-200,False
15,206,C,Dry pipe,False
15,206,D,Halon,False
16,206,A,Availability of the site in the event of multiple disaster declarations,True
16,206,B,Coordination with the site staff in the event of multiple disaster declarations,False
16,206,C,Reciprocal agreements with other organizations,False
16,206,D,Complete testing of the recovery plan,False
17,206,A,Implement a process to actively monitor postings on social networking sites.,False
17,206,B,Adjust budget for network usage to include social media usage.,False
17,206,C,Use data loss prevention (DLP) tools on endpoints.,False
17,206,D,implement policies addressing acceptable usage of social media during working hours.,True
18,206,A,the Internet.,True
18,206,B,the demilitarized zone (DMZ).,False
18,206,C,the organization's web server.,False
18,206,D,the organization's network.,False
19,206,A,Notify the chair of the audit committee.,False
19,206,B,Notify the audit manager.,True
19,206,C,Retest the control.,False
19,206,D,Close the audit finding.,False
20,206,A,Increase the capacity of existing systems.,False
20,206,B,Upgrade hardware to newer technology.,False
20,206,C,Hire temporary contract workers for the IT function.,False
20,206,D,Build a virtual environment.,True
21,206,A,Periodically reviewing log files,True
21,206,B,Configuring the router as a firewall,False
21,206,C,Using smart cards with one-time passwords,False
21,206,D,Installing biometrics-based authentication,False
22,206,A,Inherent risk is eliminated.,False
22,206,B,Residual risk is minimized.,True
22,206,C,Control risk is minimized.,False
22,206,D,Overall risk is quantified.,False
23,206,A,Senior management's request,False
23,206,B,Prior year's audit findings,False
23,206,C,Organizational risk assessment,True
23,206,D,Previous audit coverage and scope,False
24,206,A,Ensure corrected program code is compiled in a dedicated server.,False
24,206,B,Ensure change management reports are independently reviewed.,False
24,206,C,Ensure programmers cannot access code after the completion of program edits.,True
24,206,D,Ensure the business signs off on end-to-end user acceptance test (UAT) results.,False
25,206,A,Invoking the disaster recovery plan (DRP),False
25,206,B,Backing up data frequently,True
25,206,C,Paying the ransom,False
25,206,D,Requiring password changes for administrative accounts,False
26,206,A,Purchasing guidelines and policies,False
26,206,B,Implementation methodology,False
26,206,C,Results of line processing,True
26,206,D,Test results,False
27,206,A,To ensure that older versions are availability for reference,False
27,206,B,To ensure that only the latest approved version of the application is used,True
27,206,C,To ensure compatibility different versions of the application,False
27,206,D,To ensure that only authorized users can access the application,False
28,206,A,refuse the assignment to avoid conflict of interest.,False
28,206,B,use the knowledge of the application to carry out the audit.,False
28,206,C,inform audit management of the earlier involvement.,True
28,206,D,modify the scope of the audit.,False
29,206,A,Implement network access control.,True
29,206,B,Implement outbound firewall rules.,False
29,206,C,Perform network reviews.,False
29,206,D,Review access control lists.,False
30,206,A,Background checks,False
30,206,B,User awareness training,False
30,206,C,Transaction log review,True
30,206,D,Mandatory holidays,False
31,206,A,Align service level agreements (SLAs) with current needs.,True
31,206,B,Monitor customer satisfaction with the change.,False
31,206,C,Minimize costs related to the third-party agreement.,False
31,206,D,Ensure right to audit is included within the contract.,False
32,206,A,"Metrics denoting the volume of monthly job failures are reported and reviewed by senior
management.",False
32,206,B,"Jobs are scheduled to be completed daily and data is transmitted using a Secure File
Transfer Protocol (SFTP).",False
32,206,C,Jobs are scheduled and a log of this activity is retained for subsequent review.,False
32,206,D,Job failure alerts are automatically generated and routed to support personnel.,True
33,206,A,Conduct periodic on-site assessments using agreed-upon criteria.,True
33,206,B,Periodically review the service level agreement (SLA) with the vendor.,False
33,206,C,Conduct an unannounced vulnerability assessment of vendor's IT systems.,False
33,206,D,Obtain evidence of the vendor's control self-assessment (CSA).,False
34,206,A,Detective,False
34,206,B,Logical,False
34,206,C,Preventive,True
34,206,D,Corrective,False
35,206,A,Examine the computer to search for evidence supporting the suspicions.,False
35,206,B,Advise management of the crime after the investigation.,False
35,206,C,Contact the incident response team to conduct an investigation.,True
35,206,D,Notify local law enforcement of the potential crime before further investigation.,False
36,206,A,application firewall policy settings.,False
36,206,B,a three-tier web architecture.,False
36,206,C,secure coding practices.,True
36,206,D,use of common industry frameworks.,False
37,206,A,Write access to production program libraries,True
37,206,B,Write access to development data libraries,False
37,206,C,Execute access to production program libraries,False
37,206,D,Execute access to development program libraries,False
38,206,A,Lack of appropriate labelling,False
38,206,B,Lack of recent awareness training.,False
38,206,C,Lack of password protection,False
38,206,D,Lack of appropriate data classification,True
39,206,A,Program documentation,False
39,206,B,Access control tables,False
39,206,C,Data flow diagrams,False
39,206,D,Field naming conventions,True
40,206,A,is more effective at suppressing flames.,False
40,206,B,allows more time to abort release of the suppressant.,False
40,206,C,has a decreased risk of leakage.,True
40,206,D,disperses dry chemical suppressants exclusively.,False
41,206,A,note the noncompliance in the audit working papers.,False
41,206,B,issue an audit memorandum identifying the noncompliance.,False
41,206,C,include the noncompliance in the audit report.,False
41,206,D,determine why the procedures were not followed.,True
42,206,A,The management of the client organization is aware of the testing.,False
42,206,B,The test results will be documented and communicated to management.,False
42,206,C,The environment and penetration test scope have been determined.,True
42,206,D,Diagrams of the organization's network architecture are available.,False
43,206,A,Address technical IT issues.,False
43,206,B,Be informed of all IT initiatives.,False
43,206,C,Have an IT strategy committee.,False
43,206,D,Approve the IT strategy.,True
44,206,A,Verify the disaster recovery plan (DRP) has been tested.,False
44,206,B,Ensure the intrusion prevention system (IPS) is effective.,False
44,206,C,Assess the security risks to the business.,True
44,206,D,Confirm the incident response team understands the issue.,False
45,206,A,review recent changes to the system.,False
45,206,B,verify completeness of user acceptance testing (UAT).,False
45,206,C,verify results to determine validity of user concerns.,True
45,206,D,review initial business requirements.,False
46,206,A,Include the requirement in the incident management response plan.,True
46,206,B,Establish key performance indicators (KPIs) for timely identification of security incidents.,False
46,206,C,Enhance the alert functionality of the intrusion detection system (IDS).,False
46,206,D,Engage an external security incident response expert for incident handling.,False
47,206,A,allocation of resources during an emergency.,True
47,206,B,frequency of system testing.,False
47,206,C,differences in IS policies and procedures.,False
47,206,D,maintenance of hardware and software compatibility.,False
48,206,A,File level encryption,False
48,206,B,File Transfer Protocol (FTP),False
48,206,C,Instant messaging policy,False
48,206,D,Application-level firewalls,True
49,206,A,The programming team is involved in the testing process.,False
49,206,B,All data files are tested for valid information before conversion.,False
49,206,C,User management approves the test design before the test is started.,True
49,206,D,The quality assurance (QA) team is in charge of the testing process.,False
50,206,A,Future compatibility of the application.,False
50,206,B,Proposed functionality of the application.,False
50,206,C,Controls incorporated into the system specifications.,True
50,206,D,Development methodology employed.,False
51,206,A,Implement a new system that can be patched.,False
51,206,B,Implement additional firewalls to protect the system.,False
51,206,C,Decommission the server.,False
51,206,D,Evaluate the associated risk.,True
52,206,A,Limit employee internet access.,False
52,206,B,Implement data classification procedures.,False
52,206,C,Review firewall logs for anomalies.,False
52,206,D,Conduct periodic security awareness training.,True
53,206,A,More frequent data backups,False
53,206,B,Periodic table link checks,True
53,206,C,Concurrent access controls,False
53,206,D,Performance monitoring tools,False
54,206,A,Determining the scope of the assessment,False
54,206,B,Performing detailed test procedures,False
54,206,C,Evaluating changes to the risk environment,False
54,206,D,Understanding the business process,True
55,206,A,Report the mitigating controls.,False
55,206,B,Report the security posture of the organization.,False
55,206,C,Determine the value of the firewall.,False
55,206,D,Determine the risk of not replacing the firewall.,True
56,206,A,describes the auditors' authority to conduct audits.,True
56,206,B,defines the auditors' code of conduct.,False
56,206,C,formally records the annual and quarterly audit plans.,False
56,206,D,documents the audit process and reporting standards.,False
57,206,A,The lack of technical documentation to support the program code,False
57,206,B,The lack of completion of all requirements at the end of each sprint,False
57,206,C,The lack of acceptance criteria behind user requirements.,True
57,206,D,The lack of a detailed unit and system test plan,False
58,206,A,Implementation plan,False
58,206,B,Project budget provisions,False
58,206,C,Requirements analysis,True
58,206,D,Project plan,False
59,206,A,Update of security information event management (SIEM) rules,False
59,206,B,Regular review of the network security policy,False
59,206,C,Completeness of network asset inventory,True
59,206,D,Location of intrusion detection systems (IDS),False
60,206,A,hire another person to perform migration to production.,False
60,206,B,implement continuous monitoring controls.,False
60,206,C,remove production access from the developers.,True
60,206,D,perform a user access review for the development team,False
61,206,A,Counting the transactions processed per day,False
61,206,B,Performing a sequence check,False
61,206,C,Tracing data back to the point of origin,True
61,206,D,Preparing and running test data,False
62,206,A,The data is taken directly from the system.,True
62,206,B,There is no privacy information in the data.,False
62,206,C,The data can be obtained in a timely manner.,False
62,206,D,The data analysis tools have been recently updated.,False
63,206,A,Capacity management plan,False
63,206,B,Training plans,False
63,206,C,Database conversion results,False
63,206,D,Stress testing results,True
64,206,A,Effectiveness of the security program,True
64,206,B,Security incidents vs. industry benchmarks,False
64,206,C,Total number of hours budgeted to security,False
64,206,D,Total number of false positives,False
65,206,A,Assessment of the personnel training processes of the provider,False
65,206,B,Adequacy of the service provider's insurance,False
65,206,C,Review of performance against service level agreements (SLAs),True
65,206,D,Periodic audits of controls by an independent auditor,False
66,206,A,information security team.,False
66,206,B,IS audit manager.,False
66,206,C,chief information officer (CIO).,False
66,206,D,business owner.,True
67,206,A,Developing and communicating test procedure best practices to audit teams,False
67,206,B,Developing and implementing an audit data repository,False
67,206,C,Decentralizing procedures and Implementing periodic peer review,False
67,206,D,Centralizing procedures and implementing change control,True
68,206,A,Periodic vendor reviews,False
68,206,B,Dual control,True
68,206,C,Independent reconciliation,False
68,206,D,Re-keying of monetary amounts,False
68,206,E,Engage an external security incident response expert for incident handling.,False
69,206,A,"Requiring policy acknowledgment and nondisclosure agreements (NDAs) signed by
employees",False
69,206,B,Establishing strong access controls on confidential data,False
69,206,C,Providing education and guidelines to employees on use of social networking sites,True
69,206,D,Monitoring employees' social networking usage,False
70,206,A,Disabled USB ports,False
70,206,B,Full disk encryption,True
70,206,C,Biometric access control,False
70,206,D,Two-factor authentication,False
71,206,A,Alignment with the IT tactical plan,False
71,206,B,IT steering committee minutes,False
71,206,C,Compliance with industry best practice,False
71,206,D,Business objectives,True
72,206,A,Percentage of new hires that have completed the training.,True
72,206,B,Number of new hires who have violated enterprise security policies.,False
72,206,C,Number of reported incidents by new hires.,False
72,206,D,Percentage of new hires who report incidents,False
73,206,A,Independent reconciliation,False
73,206,B,Re-keying of wire dollar amounts,False
73,206,C,Two-factor authentication control,False
73,206,D,System-enforced dual control,True
74,206,A,"Ensuring unauthorized individuals do not tamper with evidence after it has been
captured",False
74,206,B,Ensuring evidence is sufficient to support audit conclusions,True
74,206,C,Ensuring appropriate statistical sampling methods were used,False
74,206,D,Ensuring evidence is labeled to show it was obtained from an approved source,False
75,206,A,Implement overtime pay and bonuses for all development staff.,False
75,206,B,Utilize new system development tools to improve productivity.,False
75,206,C,Recruit IS staff to expedite system development.,False
75,206,D,Deliver only the core functionality on the initial target date.,True
76,206,A,Segregation of duties between staff ordering and staff receiving information assets,False
76,206,B,Complete and accurate list of information assets that have been deployed,True
76,206,C,Availability and testing of onsite backup generators,False
76,206,D,Knowledge of the IT staff regarding data protection requirements,False
77,206,A,Assign responsibility for improving data quality.,False
77,206,B,Invest in additional employee training for data entry.,False
77,206,C,Outsource data cleansing activities to reliable third parties.,False
77,206,D,Implement business rules to validate employee data entry.,True
78,206,A,Portfolio management,False
78,206,B,Business plans,False
78,206,C,Business processes,True
78,206,D,IT strategic plans,False
79,206,A,Notify the cyber insurance company.,False
79,206,B,Shut down the affected systems.,False
79,206,C,Quarantine the impacted systems.,True
79,206,D,Notify customers of the breach.,False
80,206,A,business impact analysis (BIA).,False
80,206,B,threat and risk assessment.,False
80,206,C,business continuity plan (BCP).,True
80,206,D,disaster recovery plan (DRP).,False
81,206,A,Reconciliation of total amounts by project,True
81,206,B,"Validity checks, preventing entry of character data",False
81,206,C,Reasonableness checks for each cost type,False
81,206,D,Display the back of the project detail after the entry,False
82,206,A,efficiency due to the re-use of elements of logic.,True
82,206,B,management of sequential program execution for data access.,False
82,206,C,grouping of objects into methods for data access.,False
82,206,D,management of a restricted variety of data types for a data object.,False
83,206,A,Lessons learned were implemented.,False
83,206,B,Management approved the PIR report.,False
83,206,C,The review was performed by an external provider.,False
83,206,D,Project outcomes have been realized.,True
84,206,A,Accept management's decision and continue the follow-up.,False
84,206,B,Report the issue to IS audit management.,True
84,206,C,Report the disagreement to the board.,False
84,206,D,Present the issue to executive management.,False
85,206,A,Blocking attachments in IM,False
85,206,B,Blocking external IM traffic,False
85,206,C,Allowing only corporate IM solutions,True
85,206,D,Encrypting IM traffic,False
86,206,A,Inability to close unused ports on critical servers,False
86,206,B,Inability to identify unused licenses within the organization,False
86,206,C,Inability to deploy updated security patches,True
86,206,D,Inability to determine the cost of deployed software,False
87,206,A,To determine whether project objectives in the business case have been achieved,True
87,206,B,To ensure key stakeholder sign-off has been obtained,False
87,206,C,To align project objectives with business needs,False
87,206,D,To document lessons learned to improve future project delivery,False
88,206,A,Double-posting of a single journal entry,False
88,206,B,Inability to support new business transactions,False
88,206,C,Unauthorized alteration of account attributes,False
88,206,D,Inaccuracy of financial reporting,True
89,206,A,"An unauthorized person attempts to gam access to secure premises by following an
authonzed person through a secure door.",False
89,206,B,"An employee is induced to reveal confidential IP addresses and passwords by
answering questions over the phone.",True
89,206,C,"A hacker walks around an office building using scanning tools to search for a wireless
network to gain access.",False
89,206,D,"An intruder eavesdrops and collects sensitive information flowing through the network
and sells it to third parties.",False
90,206,A,A means of benchmarking the effectiveness of similar processes with peers,False
90,206,B,A means of comparing the effectiveness of other processes within the enterprise,False
90,206,C,"Identification of older, more established processes to ensure timely review",False
90,206,D,Identification of processes with the most improvement opportunities,True
91,206,A,Business interruption due to remediation,False
91,206,B,IT budgeting constraints,False
91,206,C,Availability of responsible IT personnel,False
91,206,D,Risk rating of original findings,True
92,206,A,The default configurations have been changed.,True
92,206,B,All tables in the database are normalized.,False
92,206,C,The service port used by the database server has been changed.,False
92,206,D,The default administration account is used after changing the account password.,False
93,206,A,The current business capabilities delivered by the legacy system,True
93,206,B,The proposed network topology to be used by the redesigned system,False
93,206,C,The data flows between the components to be used by the redesigned system,False
93,206,D,The database entity relationships within the legacy system,False
94,206,A,Real-time audit software,False
94,206,B,Performance data,True
94,206,C,Quality assurance (QA) reviews,False
94,206,D,Participative management techniques,False
95,206,A,Annual sign-off of acceptable use policy,False
95,206,B,Regular monitoring of user access logs,False
95,206,C,Security awareness training,True
95,206,D,Formalized disciplinary action,False
96,206,A,"Configure a single server as a primary authentication server and a second server as a
secondary authentication server.",False
96,206,B,Configure each authentication server as belonging to a cluster of authentication servers.,True
96,206,C,"Configure each authentication server and ensure that each disk of its RAID is attached
to the primary controller.",False
96,206,D,"Configure each authentication server and ensure that the disks of each server form part

of a duplex.",False
97,206,A,Assuring the physical security of devices,False
97,206,B,Preserving data integrity,True
97,206,C,Maintaining chain of custody,False
97,206,D,Determining tools to be used,False
98,206,A,Data conversion was performed using manual processes.,False
98,206,B,Backups of the old system and data are not available online.,False
98,206,C,Unauthorized data modifications occurred during conversion.,True
98,206,D,The change management process was not formally documented,False
99,206,A,Whether there is explicit permission from regulators to collect personal data,False
99,206,B,The organization's legitimate purpose for collecting personal data,True
99,206,C,Whether sharing of personal information with third-party service providers is prohibited,False
99,206,D,The encryption mechanism selected by the organization for protecting personal data,False
100,206,A,basis for allocating indirect costs.,False
100,206,B,cost of replacing equipment.,False
100,206,C,estimated cost of ownership.,False
100,206,D,basis for allocating financial resources.,True
101,206,A,incident management.,False
101,206,B,quality assurance (QA).,False
101,206,C,change management.,True
101,206,D,project management.,False
102,206,A,Assignment of responsibility for each project to an IT team member,False
102,206,B,Adherence to best practice and industry approved methodologies,False
102,206,C,Controls to minimize risk and maximize value for the IT portfolio,True
102,206,D,Frequency of meetings where the business discusses the IT portfolio,False
103,206,A,Document the finding and present it to management.,False
103,206,B,Determine if a root cause analysis was conducted.,True
103,206,C,Confirm the resolution time of the incidents.,False
103,206,D,Validate whether all incidents have been actioned.,False
104,206,A,Require employees to attend security awareness training.,False
104,206,B,Password protect critical data files.,False
104,206,C,Configure to auto-wipe after multiple failed access attempts.,True
104,206,D,Enable device auto-lock function.,False
105,206,A,recommend that the option to directly modify the database be removed immediately.,False
105,206,B,"recommend that the system require two persons to be involved in modifying the
database.",False
105,206,C,determine whether the log of changes to the tables is backed up.,False
105,206,D,determine whether the audit trail is secured and reviewed.,True
106,206,A,Aligning the framework to industry best practices,False
106,206,B,Establishing committees to support and oversee framework activities,False
106,206,C,Involving appropriate business representation within the framework,True
106,206,D,Documenting IT-related policies and procedures,False
107,206,A,Review working papers with the auditee.,False
107,206,B,Request the auditee provide management responses.,False
107,206,C,Request management wait until a final report is ready for discussion.,False
107,206,D,Present observations for discussion only.,True
108,206,A,The policy includes a strong risk-based approach.,False
108,206,B,The retention period allows for review during the year-end audit.,False
108,206,C,The total transaction amount has no impact on financial reporting.,False
108,206,D,The retention period complies with data owner responsibilities.,True
109,206,A,Walk-through reviews,False
109,206,B,Substantive testing,True
109,206,C,Compliance testing,False
109,206,D,Design documentation reviews,False
110,206,A,Tunneling,False
110,206,B,Encryption,True
110,206,C,Message validation,False
110,206,D,Firewalls,False
111,206,A,Full test results,True
111,206,B,Completed test plans,False
111,206,C,Updated inventory of systems,False
111,206,D,Change management processes,False
112,206,A,governance of enterprise IT.,True
112,206,B,control effectiveness.,False
112,206,C,return on investment (ROI).,False
112,206,D,change management effectiveness.,False
113,206,A,Phishing,False
113,206,B,Using a dictionary attack of encrypted passwords,False
113,206,C,Intercepting packets and viewing passwords,False
113,206,D,Flooding the site with an excessive number of packets,True
114,206,A,Review system and error logs to verify transaction accuracy.,False
114,206,B,Review input and output control reports to verify the accuracy of the system decisions.,True
114,206,C,"Review signed approvals to ensure responsibilities for decisions of the system are well
defined.",False
114,206,D,Review system documentation to ensure completeness.,False
115,206,A,The number of users deleting the email without reporting because it is a phishing email,False
115,206,B,The number of users clicking on the link to learn more about the sender of the email,False
115,206,C,The number of users forwarding the email to their business unit managers,False
115,206,D,The number of users reporting receipt of the email to the information security team,True
116,206,A,re-prioritize the original issue as high risk and escalate to senior management.,False
116,206,B,schedule a follow-up audit in the next audit cycle.,False
116,206,C,"postpone follow-up activities and escalate the alternative controls to senior audit
management.",False
116,206,D,determine whether the alternative controls sufficiently mitigate the risk.,True
117,206,A,The exceptions are likely to continue indefinitely.,False
117,206,B,The exceptions may result in noncompliance.,True
117,206,C,The exceptions may elevate the level of operational risk.,False
117,206,D,The exceptions may negatively impact process efficiency.,False
118,206,A,Encryption of the spreadsheet,False
118,206,B,Version history,False
118,206,C,Formulas within macros,True
118,206,D,Reconciliation of key calculations,False
119,206,A,Audit cycle defined in the audit plan,False
119,206,B,Complexity of management's action plans,False
119,206,C,Recommendation from executive management,False
119,206,D,Residual risk from the findings of previous audits,True
120,206,A,Key performance indicators (KPIs),False
120,206,B,Maximum allowable downtime (MAD),True
120,206,C,Recovery point objective (RPO),False
120,206,D,Mean time to restore (MTTR),False
121,206,A,Frequent testing of backups,False
121,206,B,Annual walk-through testing,False
121,206,C,Periodic risk assessment,False
121,206,D,Full operational test,True
122,206,A,There is not a defined IT security policy.,False
122,206,B,The business strategy meeting minutes are not distributed.,False
122,206,C,IT is not engaged in business strategic planning.,True
122,206,D,There is inadequate documentation of IT strategic planning.,False
123,206,A,Limiting the size of file attachments being sent via email,True
123,206,B,Automatically deleting emails older than one year,False
123,206,C,Moving emails to a virtual email vault after 30 days,False
123,206,D,Allowing employees to store large emails on flash drives,False
124,206,A,"The auditor who conducted the audit and agreed with the timeline has left the
organization.",False
124,206,B,"Management's planned actions are sufficient given the relative importance of the
observations.",False
124,206,C,Auditee management has accepted all observations reported by the auditor.,False
124,206,D,The audit environment has changed significantly.,True
125,206,A,application test cases.,True
125,206,B,acceptance testing.,False
125,206,C,cost-benefit analysis.,False
125,206,D,project plans.,False
126,206,A,Incident monitoring togs,False
126,206,B,The ISP service level agreement,False
126,206,C,Reports of network traffic analysis,False
126,206,D,Network topology diagrams,True
127,206,A,Explain to IT management that the new control will be evaluated during follow-up,False
127,206,B,Re-perform the audit before changing the conclusion.,True
127,206,C,Change the conclusion based on evidence provided by IT management.,False
127,206,D,Add comments about the action taken by IT management in the report.,False
128,206,A,the same hashing algorithm as the sender's to create a binary image of the file.,True
128,206,B,a different hashing algorithm from the sender's to create a binary image of the file.,False
128,206,C,"the same hashing algorithm as the sender's to create a numerical representation of the
file.",False
128,206,D,"a different hashing algorithm from the sender's to create a numerical representation of
the file.",False
129,206,A,The process does not require specifying the physical locations of assets.,False
129,206,B,Process ownership has not been established.,True
129,206,C,The process does not include asset review.,False
129,206,D,Identification of asset value is not included in the process.,False
130,206,A,Execute nondisclosure agreements (NDAs).,False
130,206,B,Determine reporting requirements for vulnerabilities.,False
130,206,C,Define the testing scope.,False
130,206,D,Obtain management consent for the testing.,True
131,206,A,Note the exception in a new report as the item was not addressed by management.,False
131,206,B,Recommend alternative solutions to address the repeat finding.,False
131,206,C,Conduct a risk assessment of the repeat finding.,False
131,206,D,Interview management to determine why the finding was not addressed.,True
132,206,A,Rollback strategy,False
132,206,B,Test cases,False
132,206,C,Post-implementation review objectives,False
132,206,D,Business case,True
133,206,A,Monitor access to stored images and snapshots of virtual machines.,True
133,206,B,Restrict access to images and snapshots of virtual machines.,False
133,206,C,Limit creation of virtual machine images and snapshots.,False
133,206,D,Review logical access controls on virtual machines regularly.,False
134,206,A,Segregation of duties between issuing purchase orders and making payments.,True
134,206,B,Segregation of duties between receiving invoices and setting authorization limits,False
134,206,C,Management review and approval of authorization tiers,False
134,206,D,Management review and approval of purchase orders,False
135,206,A,Obtain error codes indicating failed data feeds.,False
135,206,B,Appoint data quality champions across the organization.,False
135,206,C,Purchase data cleansing tools from a reputable vendor.,False
135,206,D,Implement business rules to reject invalid data.,True
136,206,A,Agile auditing,False
136,206,B,Continuous auditing,False
136,206,C,Outsourced auditing,False
136,206,D,Risk-based auditing,True
137,206,A,Consulted,False
137,206,B,Informed,False
137,206,C,Responsible,False
137,206,D,Accountable,True
138,206,A,Compliance with action plans resulting from recent audits,False
138,206,B,Compliance with local laws and regulations,True
138,206,C,Compliance with industry standards and best practice,False
138,206,D,Compliance with the organization's policies and procedures,False
139,206,A,establish criteria for reviewing alerts.,False
139,206,B,recruit more monitoring personnel.,False
139,206,C,reduce the firewall rules.,False
139,206,D,fine tune the intrusion detection system (IDS).,True
140,206,A,Rotate job duties periodically.,False
140,206,B,Perform an independent audit.,False
140,206,C,Hire temporary staff.,False
140,206,D,Implement compensating controls.,True
141,206,A,The IS auditor provided consulting advice concerning application system best practices.,False
141,206,B,"The IS auditor participated as a member of the application system project team, but did
not have operational responsibilities.",False
141,206,C,"The IS auditor designed an embedded audit module exclusively for auditing the
application system.",False
141,206,D,"The IS auditor implemented a specific control during the development of the application
system.",True
142,206,A,The system does not have a maintenance plan.,True
142,206,B,The system contains several minor defects.,False
142,206,C,The system deployment was delayed by three weeks.,False
142,206,D,The system was over budget by 15%.,False
143,206,A,a risk management process.,True
143,206,B,an information security framework.,False
143,206,C,past information security incidents.,False
143,206,D,industry best practices.,False
144,206,A,"Evaluating whether loan records are included in the batch file and are validated by the
servicing system",False
144,206,B,"Comparing a population of loans input in the origination system to loans booked on the
servicing system",True
144,206,C,"Validating whether reconciliations between the two systems are performed and
discrepancies are investigated",False
144,206,D,"Reviewing error handling controls to notify appropriate personnel in the event of a
transmission failure",False
145,206,A,Balanced scorecard,True
145,206,B,Enterprise dashboard,False
145,206,C,Enterprise architecture (EA),False
145,206,D,Key performance indicators (KPIs),False
146,206,A,Data masking,True
146,206,B,Data tokenization,False
146,206,C,Data encryption,False
146,206,D,Data abstraction,False
147,206,A,subsystem structure.,False
147,206,B,program execution.,False
147,206,C,security control options.,False
147,206,D,operator overrides.,True
148,206,A,Analyze whether predetermined test objectives were met.,True
148,206,B,Perform testing at the backup data center.,False
148,206,C,Evaluate participation by key personnel.,False
148,206,D,Test offsite backup files.,False
149,206,A,"communicate via Transport Layer Security (TLS),",True
149,206,B,block authorized users from unauthorized activities.,False
149,206,C,channel access only through the public-facing firewall.,False
149,206,D,channel access through authentication.,False
150,206,A,Business continuity plan (BCP) testing,False
150,206,B,Business impact analysis (BIA),True
150,206,C,Disaster recovery plan (DRP) testing,False
150,206,D,Risk assessment,False
151,206,A,Data from the source and target system may be intercepted.,True
151,206,B,Data from the source and target system may have different data formats.,False
151,206,C,Records past their retention period may not be migrated to the new system.,False
151,206,D,System performance may be impacted by the migration,False
152,206,A,The efforts required for independent verification with new auditors,False
152,206,B,The impact if corrective actions are not taken,True
152,206,C,The amount of time the auditee has agreed to spend with auditors,False
152,206,D,Controls and detection risks related to the observations,False
153,206,A,the implementation plan meets user requirements.,False
153,206,B,"a full, visible audit trail will be Included.",False
153,206,C,a dear business case has been established.,True
153,206,D,the new hardware meets established security standards,False
154,206,A,Contingency planning,False
154,206,B,Configuration management,False
154,206,C,Help desk management,False
154,206,D,Impact assessment,True
155,206,A,Requirements may become unreasonable.,False
155,206,B,The policy may conflict with existing application requirements.,False
155,206,C,Local regulations may contradict the policy.,True
155,206,D,Local management may not accept the policy.,False
156,206,A,Analyzing risks posed by new regulations,True
156,206,B,Designing controls to protect personal data,False
156,206,C,Defining roles within the organization related to privacy,False
156,206,D,Developing procedures to monitor the use of personal data,False
157,206,A,risk management review,False
157,206,B,control self-assessment (CSA).,False
157,206,C,service level agreement (SLA).,True
157,206,D,balanced scorecard.,False
158,206,A,There are conflicting permit and deny rules for the IT group.,False
158,206,B,The network security group can change network address translation (NAT).,False
158,206,C,Individual permissions are overriding group permissions.,True
158,206,D,There is only one rule per group with access privileges.,False
159,206,A,Programs are not approved before production source libraries are updated.,False
159,206,B,Production source and object libraries may not be synchronized.,False
159,206,C,Changes are applied to the wrong version of production source libraries.,False
159,206,D,Unauthorized changes can be moved into production.,True
160,206,A,Attack vectors are evolving for industrial control systems.,False
160,206,B,There is a greater risk of system exploitation.,True
160,206,C,Disaster recovery plans (DRPs) are not in place.,False
160,206,D,Technical specifications are not documented.,False
161,206,A,Revise the assessment based on senior management's objections.,False
161,206,B,Escalate the issue to audit management.,False
161,206,C,Finalize the draft audit report without changes.,False
161,206,D,Gather evidence to analyze senior management's objections,True
162,206,A,Implementing risk responses on management's behalf,False
162,206,B,Integrating the risk register for audit planning purposes,True
162,206,C,Providing assurances to management regarding risk,False
162,206,D,Facilitating audit risk identification and evaluation workshops,False
163,206,A,Testing,False
163,206,B,Replication,False
163,206,C,Staging,True
163,206,D,Development,False
164,206,A,"Developing an inventory of all business entities that exchange personal data with the
affected jurisdiction",False
164,206,B,Identifying data security threats in the affected jurisdiction,False
164,206,C,Reviewing data classification procedures associated with the affected jurisdiction,False
164,206,D,"Identifying business processes associated with personal data exchange with the
affected jurisdiction",True
165,206,A,Statement of work (SOW),False
165,206,B,Nondisclosure agreement (NDA),True
165,206,C,Service level agreement (SLA),False
165,206,D,Privacy agreement,False
166,206,A,Historical privacy breaches and related root causes,False
166,206,B,Globally accepted privacy best practices,False
166,206,C,Local privacy standards and regulations,True
166,206,D,Benchmark studies of similar organizations,False
167,206,A,violation reports may not be reviewed in a timely manner.,False
167,206,B,a significant number of false positive violations may be reported.,False
167,206,C,violations may not be categorized according to the organization's risk profile.,True
167,206,D,violation reports may not be retained according to the organization's risk profile.,False
168,206,A,Number of successful penetration tests,False
168,206,B,Percentage of protected business applications,False
168,206,C,Financial impact per security event,True
168,206,D,Number of security vulnerability patches,False
169,206,A,Conduct security awareness training.,False
169,206,B,Implement an acceptable use policy,True
169,206,C,Create inventory records of personal devices,False
169,206,D,Configure users on the mobile device management (MDM) solution,False
170,206,A,Users are not required to sign updated acceptable use agreements.,False
170,206,B,Users have not been trained on the new system.,False
170,206,C,The business continuity plan (BCP) was not updated.,True
170,206,D,Mobile devices are not encrypted.,False
171,206,A,Programmed edit checks for data entry,False
171,206,B,Backup procedures,False
171,206,C,Use of pass cards to gain access to physical facilities,False
171,206,D,Verification of hash totals,True
172,206,A,Backup media are not reviewed before disposal.,False
172,206,B,Degaussing is used instead of physical shredding.,False
172,206,C,Backup media are disposed before the end of the retention period,True
172,206,D,Hardware is not destroyed by a certified vendor.,False
173,206,A,Guest operating systems are updated monthly,False
173,206,B,The hypervisor is updated quarterly.,False
173,206,C,A variety of guest operating systems operate on one virtual server,False
173,206,D,Antivirus software has been implemented on the guest operating system only.,True
174,206,A,End-user authorization to use the system in production,False
174,206,B,External audit sign-off on financial controls,False
174,206,C,Testing of the system within the production environment,False
174,206,D,An evaluation of the configuration management practices,True
175,206,A,System/process flowchart,False
175,206,B,File layouts,False
175,206,C,Data architecture,True
175,206,D,Source code documentation,False
176,206,A,Ask management why the regulatory changes have not been Included.,True
176,206,B,Discuss potential regulatory issues with the legal department,False
176,206,C,Report the missing regulatory updates to the chief information officer (CIO).,False
176,206,D,Exclude recent regulatory changes from the audit scope.,False
177,206,A,Logs are being collected in a separate protected host,True
177,206,B,Automated alerts are being sent when a risk is detected,False
177,206,C,Insider attacks are being controlled,False
177,206,D,Access to configuration files Is restricted.,False
178,206,A,The organization's systems inventory is kept up to date.,True
178,206,B,Vulnerability scanning results are reported to the CISO.,False
178,206,C,The organization is using a cloud-hosted scanning tool for Identification of vulnerabilities,False
178,206,D,Access to the vulnerability scanning tool is periodically reviewed,False
179,206,A,Responsible,False
179,206,B,Informed,False
179,206,C,Consulted,False
179,206,D,Accountable,True
180,206,A,the patches were updated.,False
180,206,B,The logs were monitored.,True
180,206,C,The network traffic was being monitored.,False
180,206,D,The domain controller was classified for high availability.,False
181,206,A,The job scheduler application has not been designed to display pop-up error messages.,False
181,206,B,"Access to the job scheduler application has not been restricted to a maximum of two
staff members",False
181,206,C,"Operations shift turnover logs are not utilized to coordinate and control the processing
environment",False
181,206,D,"Changes to the job scheduler application's parameters are not approved and reviewed
by an operations supervisor",True
182,206,A,Implementing two-factor authentication,False
182,206,B,Restricting access to transactions using network security software,False
182,206,C,implementing role-based access at the application level,True
182,206,D,Using a single menu tor sensitive application transactions,False
183,206,A,The exact definition of the service levels and their measurement,True
183,206,B,The alerting and measurement process on the application servers,False
183,206,C,The actual availability of the servers as part of a substantive test,False
183,206,D,The regular performance-reporting documentation,False
184,206,A,be approved by management.,False
184,206,B,be measurable in percentages.,False
184,206,C,be changed frequently to reflect organizational strategy.,False
184,206,D,have a target value.,True
185,206,A,To optimize system resources,False
185,206,B,To follow system hardening standards,False
185,206,C,To optimize asset management workflows,False
185,206,D,To ensure proper change control,True
186,206,A,File layouts,False
186,206,B,Data architecture,False
186,206,C,System/process flowchart,True
186,206,D,Source code documentation,False
187,206,A,To improve key availability metrics,False
187,206,B,To reduce costs associates with backups,False
187,206,C,To increase backup resiliency and redundancy,False
187,206,D,To minimize the backup time and resources,True
188,206,A,compare the organization's strategic plan against industry best practice.,False
188,206,B,interview senior managers for their opinion of the IT function.,False
188,206,C,ensure an IT steering committee is appointed to monitor new IT projects.,False
188,206,D,evaluate deliverables of new IT initiatives against planned business services.,True
189,206,A,Audit charter,True
189,206,B,IT steering committee,False
189,206,C,Information security policy,False
189,206,D,Audit best practices,False
190,206,A,maximum tolerable loss of data.,False
190,206,B,nature of the outage,False
190,206,C,maximum tolerable downtime (MTD).,False
190,206,D,business-defined criticality of the systems.,True
191,206,A,ensuring that program changes adhere to established standards.,True
191,206,B,designing procedures to protect data against accidental disclosure.,False
191,206,C,ensuring that the output received from system processing is complete.,False
191,206,D,monitoring the execution of computer processing tasks.,False
192,206,A,"Staff were not involved in the procurement process, creating user resistance to the new
system.",False
192,206,B,"Data is not converted correctly, resulting in inaccurate patient records.",True
192,206,C,"The deployment project experienced significant overruns, exceeding budget projections.",False
192,206,D,"The new system has capacity issues, leading to slow response times for users.",False
193,206,A,Observing the execution of a daily backup run,False
193,206,B,Evaluating the backup policies and procedures,False
193,206,C,Interviewing key personnel evolved In the backup process,False
193,206,D,Reviewing a sample of system-generated backup logs,True
194,206,A,To identify and eliminate the root causes of information security incidents,False
194,206,B,To enhance the impact of reports used to monitor information security incidents,False
194,206,C,To keep information security policies and procedures up-to-date,False
194,206,D,To reduce the frequency and impact of information security incidents,True
195,206,A,Findings from prior audits,False
195,206,B,Results of a risk assessment,False
195,206,C,An inventory of personal devices to be connected to the corporate network,False
195,206,D,Policies including BYOD acceptable user statements,True
196,206,A,Expected deliverables meeting project deadlines,False
196,206,B,Sign-off from the IT team,True
196,206,C,Ongoing participation by relevant stakeholders,False
196,206,D,Quality assurance (OA) review,False
197,206,A,Short key length,True
197,206,B,Random key generation,False
197,206,C,Use of symmetric encryption,False
197,206,D,Use of asymmetric encryption,False
198,206,A,Establish key performance indicators (KPls) for timely identification of security incidents.,False
198,206,B,Engage an external security incident response expert for incident handling.,False
198,206,C,Enhance the alert functionality of the intrusion detection system (IDS).,False
198,206,D,Include the requirement in the incident management response plan.,True
199,206,A,Reviewing the parameter settings,True
199,206,B,Reviewing the system log,False
199,206,C,Interviewing the firewall administrator,False
199,206,D,Reviewing the actual procedures,False
200,206,A,Discovery sampling,True
200,206,B,Judgmental sampling,False
200,206,C,Variable sampling,False
200,206,D,Stratified sampling,False
201,206,A,attributes for system passwords.,False
201,206,B,security training prior to implementation.,False
201,206,C,security requirements for the new application.,True
201,206,D,the firewall configuration for the web server.,False
202,206,A,Service management standards are not followed.,False
202,206,B,Expected time to resolve incidents is not specified.,False
202,206,C,Metrics are not reported to senior management.,False
202,206,D,Prioritization criteria are not defined.,True
203,206,A,A training program is in place to promote information security awareness.,False
203,206,B,A framework is in place to measure risks and track effectiveness.,True
203,206,C,Information security policies and procedures are established.,False
203,206,D,The program meets regulatory and compliance requirements.,False
204,206,A,Reversing the hash function using the digest,False
204,206,B,Altering the plaintext message,False
204,206,C,Deciphering the receiver's public key,False
204,206,D,Obtaining the sender's private key,True
205,206,A,Securing information assets in accordance with the classification assigned,False
205,206,B,Validating that assets are protected according to assigned classification,True
205,206,C,Ensuring classification levels align with regulatory guidelines,False
205,206,D,Defining classification levels for information assets within the organization,False
206,206,A,Water sprinkler,False
206,206,B,Fire extinguishers,False
206,206,C,Carbon dioxide (CO2),True
206,206,D,Dry pipe,False
207,206,A,Circuit gateway,False
207,206,B,Application level gateway,True
207,206,C,Packet filtering router,False
207,206,D,Screening router,False
208,206,A,Review sign-off documentation,False
208,206,B,Review the source code related to the calculation,False
208,206,C,Re-perform the calculation with audit software,True
208,206,D,Inspect user acceptance lest (UAT) results,False
209,206,A,Labeling the data appropriately,False
209,206,B,Identifying risk associated with the data,False
209,206,C,Determining accountability of data owners,True
209,206,D,Determining the adequacy of privacy controls,False
210,206,A,Implementing the remediation plan,False
210,206,B,Partially completing the CSA,False
210,206,C,Developing the remediation plan,False
210,206,D,Developing the CSA questionnaire,True
211,206,A,Terminated staff,True
211,206,B,Unauthorized access,False
211,206,C,Deleted log data,False
211,206,D,Hacktivists,False
212,206,A,A single point of failure for both voice and data communications,True
212,206,B,Inability to use virtual private networks (VPNs) for internal traffic,False
212,206,C,Lack of integration of voice and data communications,False
212,206,D,Voice quality degradation due to packet toss,False
213,206,A,Staging,True
213,206,B,Testing,False
213,206,C,Integration,False
213,206,D,Development,False
214,206,A,The design of controls,False
214,206,B,Industry standards and best practices,False
214,206,C,The results of the previous audit,True
214,206,D,The amount of time since the previous audit,False
215,206,A,the organization's web server.,False
215,206,B,the demilitarized zone (DMZ).,False
215,206,C,the organization's network.,False
215,206,D,the Internet,True
216,206,A,An increase in the number of identified false positives,False
216,206,B,An increase in the number of detected Incidents not previously identified,True
216,206,C,An increase in the number of unfamiliar sources of intruders,False
216,206,D,An increase in the number of internally reported critical incidents,False
217,206,A,"The system only allows payments to vendors who are included In the system's master
vendor list.",True
217,206,B,"Backups of the system and its data are performed on a nightly basis and tested
periodically.",False
217,206,C,"The system produces daily payment summary reports that staff use to compare against
invoice totals.",False
217,206,D,"Policies and procedures are clearly communicated to all members of the accounts
payable department",False
218,206,A,IT strategies are communicated to all Business stakeholders,False
218,206,B,Organizational strategies are communicated to the chief information officer (CIO).,False
218,206,C,Business stakeholders are Involved In approving the IT strategy.,True
218,206,D,The chief information officer (CIO) is involved In approving the organizational strategies,False
219,206,A,The protect requirements are wall understood.,True
219,206,B,The project is subject to time pressures.,False
219,206,C,The project intends to apply an object-oriented design approach.,False
219,206,D,The project will involve the use of new technology.,False
220,206,A,well understood by all employees.,True
220,206,B,based on industry standards.,False
220,206,C,developed by process owners.,False
220,206,D,updated frequently.,False
221,206,A,Data encryption on the mobile device,True
221,206,B,Complex password policy for mobile devices,False
221,206,C,The triggering of remote data wipe capabilities,False
221,206,D,Awareness training for mobile device users,False
222,206,A,There Is a reconciliation process between the spreadsheet and the finance system,False
222,206,B,A separate copy of the spreadsheet is routinely backed up,False
222,206,C,The spreadsheet is locked down to avoid inadvertent changes,False
222,206,D,Access to the spreadsheet is given only to those who require access,True
223,206,A,SQL injection attacks,False
223,206,B,Denial of service (DoS) attacks,True
223,206,C,Phishing attacks,False
223,206,D,Insider attacks,False
224,206,A,Use of stateful firewalls with default configuration,False
224,206,B,Ad hoc monitoring of firewall activity,False
224,206,C,Misconfiguration of the firewall rules,True
224,206,D,Potential back doors to the firewall software,False
225,206,A,Human resources (HR) sourcing strategy,False
225,206,B,Records of actual time spent on projects,True
225,206,C,Peer organization staffing benchmarks,False
225,206,D,Budgeted forecast for the next financial year,False
226,206,A,test environment with production workloads.,True
226,206,B,production environment with production workloads.,False
226,206,C,production environment with test data.,False
226,206,D,test environment with test data.,False
227,206,A,Data migration is not part of the contracted activities.,False
227,206,B,The replacement is occurring near year-end reporting,False
227,206,C,The user department will manage access rights.,True
227,206,D,Testing was performed by the third-party consultant,False
228,206,A,External audit review,False
228,206,B,Internal audit review,False
228,206,C,Control self-assessment (CSA),True
228,206,D,Stress testing,False
229,206,A,To decrease system response time,False
229,206,B,To Improve the recovery lime objective (RTO),False
229,206,C,To facilitate faster backups,False
229,206,D,To improve system resiliency,True
230,206,A,Available resources for the activities included in the action plan,False
230,206,B,A management response in the final report with a committed implementation date,True
230,206,C,A heal map with the gaps and recommendations displayed in terms of risk,False
230,206,D,Supporting evidence for the gaps and recommendations mentioned in the audit report,False
231,206,A,Ensure that the facts presented in the report are correct,True
231,206,B,Communicate the recommendations lo senior management,False
231,206,C,Specify implementation dates for the recommendations.,False
231,206,D,Request input in determining corrective action.,False
232,206,A,Comparing code between old and new systems,False
232,206,B,Running historical transactions through the new system,True
232,206,C,Reviewing quality assurance (QA) procedures,False
232,206,D,Loading balance and transaction data to the new system,False
233,206,A,Data availability,False
233,206,B,Data confidentiality,True
233,206,C,Data integrity,False
233,206,D,Data redundancy,False
234,206,A,The policy includes a strong risk-based approach.,False
234,206,B,The retention period allows for review during the year-end audit.,False
234,206,C,The retention period complies with data owner responsibilities.,True
234,206,D,The total transaction amount has no impact on financial reporting,False
235,206,A,Long-term Internal audit resource planning,False
235,206,B,Ongoing monitoring of the audit activities,True
235,206,C,Analysis of user satisfaction reports from business lines,False
235,206,D,Feedback from Internal audit staff,False
236,206,A,Preserving the same data classifications,False
236,206,B,Preserving the same data inputs,False
236,206,C,Preserving the same data structure,True
236,206,D,Preserving the same data interfaces,False
237,206,A,Sell-assessment reports of IT capability and maturity,False
237,206,B,IT performance benchmarking reports with competitors,False
237,206,C,Recent third-party IS audit reports,True
237,206,D,Current and previous internal IS audit reports,False
238,206,A,Reviewing vacation patterns,False
238,206,B,Reviewing user activity logs,False
238,206,C,Interviewing senior IT management,False
238,206,D,Mapping IT processes to roles,True
239,206,A,Ensure compliance with the data classification policy.,False
239,206,B,Protect the plan from unauthorized alteration.,False
239,206,C,Comply with business continuity best practice.,False
239,206,D,Reduce the risk of data leakage that could lead to an attack.,True
240,206,A,Perform substantive testing of terminated users' access rights.,False
240,206,B,Perform a review of terminated users' account activity,True
240,206,C,Communicate risks to the application owner.,False
240,206,D,Conclude that IT general controls ate ineffective.,False
241,206,A,Legal and compliance requirements,False
241,206,B,Customer agreements,False
241,206,C,Data classification,False
241,206,D,Organizational policies and procedures,True
242,206,A,Availability of IS audit resources,False
242,206,B,Remediation dates included in management responses,True
242,206,C,Peak activity periods for the business,False
242,206,D,Complexity of business processes identified in the audit,False
243,206,A,Obtain error codes indicating failed data feeds.,False
243,206,B,Purchase data cleansing tools from a reputable vendor.,False
243,206,C,Appoint data quality champions across the organization.,False
243,206,D,Implement business rules to reject invalid data.,True
244,206,A,forecast technology trends,False
244,206,B,establish the capacity of network communication links,False
244,206,C,identify the extent to which components need to be upgraded,True
244,206,D,determine business transaction volumes.,False
245,206,A,authorize secured emergency access,False
245,206,B,approve the organization's security policy,False
245,206,C,ensure access rules agree with policies,True
245,206,D,create role-based rules for each business process,False
246,206,A,The security of the desktop PC is enhanced.,False
246,206,B,Administrative security can be provided for the client.,False
246,206,C,Desktop application software will never have to be upgraded.,True
246,206,D,System administration can be better managed,False
247,206,A,Determine where delays have occurred,True
247,206,B,Assign additional resources to supplement the audit,False
247,206,C,Escalate to the audit committee,False
247,206,D,Extend the audit deadline,False
248,206,A,An imaging process was used to obtain a copy of the data from each computer.,False
248,206,B,The legal department has not been engaged.,False
248,206,C,The chain of custody has not been documented.,True
248,206,D,Audit was only involved during extraction of the Information,False
249,206,A,No dedicated security officer,False
249,206,B,No official charier for the information security management system,False
249,206,C,No periodic assessments to identify threats and vulnerabilities,True
249,206,D,No employee awareness training and education program,False
250,206,A,reflect current practices.,True
250,206,B,include new systems and corresponding process changes.,False
250,206,C,incorporate changes to relevant laws.,False
250,206,D,be subject to adequate quality assurance (QA).,False
251,206,A,provide a report to senior management prior to discussion with the auditee.,False
251,206,B,distribute a summary of general findings to the members of the auditing team.,True
251,206,C,provide a report to the auditee stating the initial findings.,False
251,206,D,review the working papers with the auditee.,False
252,206,A,Information security program plans,False
252,206,B,Penetration test results,False
252,206,C,Risk assessment results,True
252,206,D,Industry benchmarks,False
253,206,A,"Training was not provided to the department that handles intellectual property and
patents",False
253,206,B,Logging and monitoring for content filtering is not enabled.,True
253,206,C,Employees can share files with users outside the company through collaboration tools.,False
253,206,D,The collaboration tool is hosted and can only be accessed via an Internet browser,False
254,206,A,Review IT staff job descriptions for alignment,False
254,206,B,Develop quarterly training for each IT staff member.,False
254,206,C,Identify required IT skill sets that support key business processes,True
254,206,D,Include strategic objectives m IT staff performance objectives,False
255,206,A,Purchase of information management tools,False
255,206,B,Business use cases and scenarios,False
255,206,C,Access rights provisioned according to scheme,True
255,206,D,Detailed data classification scheme,False
256,206,A,Organizational chart,False
256,206,B,Audit charier,True
256,206,C,Engagement letter,False
256,206,D,Annual audit plan,False
257,206,A,randomly selected by a test generator.,False
257,206,B,provided by the vendor of the application.,False
257,206,C,randomly selected by the user.,False
257,206,D,simulated by production entities and customers.,True
258,206,A,Data with customer personal information,False
258,206,B,Data reported to the regulatory body,True
258,206,C,Data supporting financial statements,False
258,206,D,Data impacting business objectives,False
259,206,A,"Configure data quality alerts to check variances between the data warehouse and the
source system",False
259,206,B,"Require approval for changes in the extract/Transfer/load (ETL) process between the
two systems",False
259,206,C,Include the data warehouse in the impact analysis (or any changes m the source system,True
259,206,D,"Restrict access to changes in the extract/transfer/load (ETL) process between the two
systems",False
260,206,A,Message encryption,False
260,206,B,Certificate authority (CA),False
260,206,C,Steganography,False
260,206,D,Message digest,True
261,206,A,Compare the agile process with previous methodology.,False
261,206,B,Identify and assess existing agile process control,False
261,206,C,Understand the specific agile methodology that will be followed.,True
261,206,D,Interview business process owners to compile a list of business requirements,False
262,206,A,Security cameras deployed outside main entrance,False
262,206,B,Antistatic mats deployed at the computer room entrance,False
262,206,C,Muddy footprints directly inside the emergency exit,True
262,206,D,Fencing around facility is two meters high,False
263,206,A,Discovery,True
263,206,B,Attacks,False
263,206,C,Planning,False
263,206,D,Reporting,False
264,206,A,The certificate revocation list has not been updated.,True
264,206,B,The PKI policy has not been updated within the last year.,False
264,206,C,The private key certificate has not been updated.,False
264,206,D,The certificate practice statement has not been published,False
265,206,A,Verifying that access privileges have been reviewed,True
265,206,B,investigating access rights for expiration dates,False
265,206,C,Updating the continuity plan for critical resources,False
265,206,D,Updating the security policy,False
266,206,A,Continuous 24/7 support must be available.,False
266,206,B,The vendor must have a documented disaster recovery plan (DRP) in place.,False
266,206,C,Source code for the software must be placed in escrow.,True
266,206,D,The vendor must train the organization's staff to manage the new software,False
267,206,A,Low-value transactions,False
267,206,B,Real-lime transactions,True
267,206,C,Irregular transactions,False
267,206,D,Manual transactions,False
268,206,A,Availability of the user list reviewed,False
268,206,B,Confidentiality of the user list reviewed,False
268,206,C,Source of the user list reviewed,True
268,206,D,Completeness of the user list reviewed,False
269,206,A,Ensuring that audit trails exist for transactions,False
269,206,B,Restricting access to update programs to accounts payable staff only,False
269,206,C,Including the creator's user ID as a field in every transaction record created,False
269,206,D,Restricting program functionality according to user security profiles,True
270,206,A,The IT budget is not monitored,False
270,206,B,All IT services are provided by third parties.,False
270,206,C,IT value analysis has not been completed.,True
270,206,D,IT supports two different operating systems.,False
271,206,A,Average number of learning and training hours per IT staff member,False
271,206,B,Frequency of security assessments against the most recent standards and guidelines,False
271,206,C,Average time to turn strategic IT objectives into an agreed upon and approved initiative,True
271,206,D,"Percentage of staff with sufficient IT-related skills for the competency required of their
roles",False
272,206,A,"The standard is met as long as one member has a globally recognized audit
certification.",False
272,206,B,Technical co-sourcing must be used to help the new staff.,False
272,206,C,Team member assignments must be based on individual competencies.,True
272,206,D,The standard is met as long as a supervisor reviews the new auditors' work.,False
273,206,A,Evaluate the appropriateness of the remedial action taken.,True
273,206,B,Conduct a risk analysis incorporating the change.,False
273,206,C,Report results of the follow-up to the audit committee.,False
273,206,D,Inform senior management of the change in approach.,False
274,206,A,Require written authorization for all payment transactions,True
274,206,B,Restrict payment authorization to senior staff members.,False
274,206,C,Reconcile payment transactions with invoices.,False
274,206,D,Review payment transaction history,False
275,206,A,Decreased time for incident resolution,True
275,206,B,Increased number of incidents reviewed by IT management,False
275,206,C,Decreased number of calls lo the help desk,False
275,206,D,Increased number of reported critical incidents,False
276,206,A,Root cause,True
276,206,B,Responsible party,False
276,206,C,impact,False
276,206,D,Criteria,False
277,206,A,Reviewing the last compile date of production programs,True
277,206,B,Manually comparing code in production programs to controlled copies,False
277,206,C,Periodically running and reviewing test data against production programs,False
277,206,D,Verifying user management approval of modifications,False
278,206,A,System event correlation report,False
278,206,B,Database log,False
278,206,C,Change log,True
278,206,D,Security incident and event management (SIEM) report,False
279,206,A,The person who collected the evidence is not qualified to represent the case.,False
279,206,B,The logs failed to identify the person handling the evidence.,True
279,206,C,The evidence was collected by the internal forensics team.,False
279,206,D,The evidence was not fully backed up using a cloud-based solution prior to the trial.,False
280,206,A,Use automatic document classification based on content.,False
280,206,B,Have IT security staff conduct targeted training for data owners.,True
280,206,C,Publish the data classification policy on the corporate web portal.,False
280,206,D,Conduct awareness presentations and seminars for information classification policies.,False
281,206,A,"An employee is induced to reveal confidential IP addresses and passwords by
answering questions over the phone.",True
281,206,B,"A hacker walks around an office building using scanning tools to search for a wireless
network to gain access.",False
281,206,C,"An intruder eavesdrops and collects sensitive information flowing through the network
and sells it to third parties.",False
281,206,D,"An unauthorized person attempts to gain access to secure premises by following an
authorized person through a secure door.",False
282,206,A,Redundant pathways,False
282,206,B,Clustering,True
282,206,C,Failover power,False
282,206,D,Parallel testing,False
283,206,A,Ensure the third party allocates adequate resources to meet requirements.,False
283,206,B,Use analytics within the internal audit function,False
283,206,C,Conduct a capacity planning exercise,False
283,206,D,Utilize performance monitoring tools to verify service level agreements (SLAs),True
284,206,A,Business impact analysis (BIA),False
284,206,B,Fieldwork,False
284,206,C,Risk assessment,True
284,206,D,Risk control matrix,False
285,206,A,minimize scope changes to the system.,False
285,206,B,decrease the time allocated for user testing and review.,False
285,206,C,conceptualize and clarify requirements.,True
285,206,D,Improve efficiency of quality assurance (QA) testing,False
286,206,A,enterprise architecture (EA) has been complied with.,False
286,206,B,user requirements have been met.,True
286,206,C,acceptance testing has been properly executed.,False
286,206,D,user access controls have been adequately designed.,False
287,206,A,The organization's security policy,True
287,206,B,The number of remote nodes,False
287,206,C,The firewalls' default settings,False
287,206,D,The physical location of the firewalls,False
288,206,A,Function point analysis,False
288,206,B,Balanced scorecard review,False
288,206,C,Post-implementation review,True
288,206,D,Business impact analysis (BIA),False
289,206,A,document the exception in an audit report.,False
289,206,B,review security incident reports.,False
289,206,C,identify compensating controls.,True
289,206,D,notify the audit committee.,False
290,206,A,has adequate security.,True
290,206,B,logs ail database records.,False
290,206,C,Is accessible online,False
290,206,D,does not impact operational efficiency,False
291,206,A,the access control system's log settings.,False
291,206,B,how the latest system changes were implemented.,False
291,206,C,the access control system's configuration.,False
291,206,D,the access rights that have been granted.,True
292,206,A,Require documentation that the finding will be addressed within the new system,True
292,206,B,Schedule a meeting to discuss the issue with senior management,False
292,206,C,Perform an ad hoc audit to determine if the vulnerability has been exploited,False
292,206,D,Recommend the finding be resolved prior to implementing the new system,False
293,206,A,Staff members who failed the test did not receive follow-up education,True
293,206,B,Test results were not communicated to staff members.,False
293,206,C,Staff members were not notified about the test beforehand.,False
293,206,D,Security awareness training was not provided prior to the test.,False
294,206,A,architecture and cloud environment of the system.,False
294,206,B,business process supported by the system.,True
294,206,C,policies and procedures of the business area being audited.,False
294,206,D,availability reports associated with the cloud-based system.,False
295,206,A,evaluate replacement systems and performance monitoring software.,False
295,206,B,restrict functionality of system monitoring software to security-related events.,False
295,206,C,re-install the system and performance monitoring software.,False
295,206,D,"use analytical tools to produce exception reports from the system and performance
monitoring software",True
296,206,A,Technology risk,False
296,206,B,Detection risk,True
296,206,C,Control risk,False
296,206,D,Inherent risk,False
297,206,A,Temperature sensors,False
297,206,B,Humidity sensors,False
297,206,C,Water sensors,True
297,206,D,Air pressure sensors,False
298,206,A,Level of stakeholder satisfaction with the scope of planned IT projects,False
298,206,B,Percentage of enterprise risk assessments that include IT-related risk,True
298,206,C,Percentage of stat satisfied with their IT-related roles,False
298,206,D,Frequency of business process capability maturity assessments,False
299,206,A,SIEM reporting is customized.,False
299,206,B,SIEM configuration is reviewed annually,False
299,206,C,The SIEM is decentralized.,True
299,206,D,SIEM reporting is ad hoc.,False
300,206,A,Rotating backup copies of transaction files offsite,False
300,206,B,"Using a database management system (DBMS) to dynamically back-out partially
processed transactions",True
300,206,C,Maintaining system console logs in electronic formal,False
300,206,D,Ensuring bisynchronous capabilities on all transmission lines,False
301,206,A,promote best practices,False
301,206,B,increase efficiency.,False
301,206,C,optimize investments.,True
301,206,D,ensure compliance.,False
302,206,A,Right to perform e-discovery,False
302,206,B,Advice from legal counsel,False
302,206,C,Preserving the chain of custody,True
302,206,D,Results of a root cause analysis,False
303,206,A,An assessment of whether requirements will be fully met,False
303,206,B,An assessment indicating security controls will operateeffectively,False
303,206,C,An assessment of whether the expected benefits can beachieved,True
303,206,D,An assessment indicating the benefits will exceed the implement,False
304,206,A,Procedures may not align with best practices,False
304,206,B,Human resources (HR) records may not match system access.,False
304,206,C,Unauthorized access cannot he identified.,False
304,206,D,Access rights may not be removed in a timely manner.,True
305,206,A,Review of program documentation,False
305,206,B,Use of test transactions,True
305,206,C,Interviews with knowledgeable users,False
305,206,D,Review of source code,False
306,206,A,each information asset is to a assigned to a different classification.,False
306,206,B,the security criteria are clearly documented for each classification,True
306,206,C,Senior IT managers are identified as information owner.,False
306,206,D,the information owner is required to approve access to the asset,False
307,206,A,The quality of the data is not monitored.,True
307,206,B,Imported data is not disposed frequently.,False
307,206,C,The transfer protocol is not encrypted.,False
307,206,D,The transfer protocol does not require authentication.,False
308,206,A,Determination of IP range in use,False
308,206,B,Analysis of traffic content,False
308,206,C,Isolation of rogue access points,False
308,206,D,Identification of existing nodes,True
309,206,A,The security weakness facilitating the attack was not identified.,True
309,206,B,The attack was not automatically blocked by the intrusion detection system (IDS).,False
309,206,C,The attack could not be traced back to the originating person.,False
309,206,D,Appropriate response documentation was not maintained.,False
310,206,A,Monitor and restrict vendor activities,True
310,206,B,Issues an access card to the vendor.,False
310,206,C,Conceal data devices and information labels,False
310,206,D,Restrict use of portable and wireless devices.,False
311,206,A,Real-time backup,False
311,206,B,Virtual backup,False
311,206,C,Differential backup,True
311,206,D,Full backup,False
312,206,A,Statistical metrics measuring capacity utilization,True
312,206,B,Operations report of user dissatisfaction with response time,False
312,206,C,Tuning of system software to optimize resource usage,False
312,206,D,Report of off-peak utilization and response time,False
313,206,A,Role-based access control policies,False
313,206,B,Types of data that can be uploaded to the platform,True
313,206,C,Processes for on-boarding and off-boarding users to the platform,False
313,206,D,Processes for reviewing administrator activity,False
314,206,A,data analytics findings.,True
314,206,B,audit trails,False
314,206,C,acceptance lasting results,False
314,206,D,rollback plans,False
315,206,A,Prepare detailed plans for each business function.,False
315,206,B,Involve staff at all levels in periodic paper walk-through exercises.,True
315,206,C,Regularly update business impact assessments.,False
315,206,D,Make senior managers responsible for their plan sections.,False
316,206,A,prevents loss of assets.,False
316,206,B,helps to align organizational objectives.,False
316,206,C,facilitates budgeting accuracy.,False
316,206,D,enables risk management decisions.,True
317,206,A,Customer service complaints,False
317,206,B,Automated monitoring of logs,True
317,206,C,Server crashes,False
317,206,D,Penetration testing,False
318,206,A,Perimeter firewall,False
318,206,B,Data loss prevention (DLP) system,False
318,206,C,Web application firewall,False
318,206,D,Network segmentation,True
319,206,A,Improved disaster recovery,False
319,206,B,Better utilization of resources,True
319,206,C,Stronger data security,False
319,206,D,Increased application performance,False
320,206,A,Separate authorization for input of transactions,True
320,206,B,Statistical sampling of adjustment transactions,False
320,206,C,Unscheduled audits of lost stock lines,False
320,206,D,An edit check for the validity of the inventory transaction,False
321,206,A,Program coding standards have been followed,False
321,206,B,Acceptance test criteria have been developed,True
321,206,C,Data conversion procedures have been established.,False
321,206,D,The design has been approved by senior management.,False
322,206,A,Unit testing,False
322,206,B,Pilot testing,False
322,206,C,System testing,False
322,206,D,Integration testing,True
323,206,A,There are documented compensating controls over the business processes.,True
323,206,B,"The risk acceptances were previously reviewed and approved by appropriate senior
management",False
323,206,C,"The business environment has not significantly changed since the risk acceptances
were approved.",False
323,206,D,The risk acceptances with issues reflect a small percentage of the total population,False
324,206,A,Abuses by employees have not been reported.,False
324,206,B,Lessons learned have not been properly documented,False
324,206,C,vulnerabilities have not been properly addressed,True
324,206,D,Security incident policies are out of date.,False
325,206,A,Server room access history,False
325,206,B,Emergency change records,False
325,206,C,IT security incidents,False
325,206,D,Penetration test results,True
326,206,A,Disposal policies and procedures are not consistently implemented,False
326,206,B,"Evidence is not available to verify printer hard drives have been sanitized prior to
disposal.",True
326,206,C,Business units are allowed to dispose printers directly to,False
326,206,D,Inoperable printers are stored in an unsecured area.,False
327,206,A,A formal request for proposal (RFP) process,False
327,206,B,Business case development procedures,False
327,206,C,An information asset acquisition policy,False
327,206,D,Asset life cycle management.,True
328,206,A,Implement key performance indicators (KPIs),True
328,206,B,Implement annual third-party audits.,False
328,206,C,Benchmark organizational performance against industry peers.,False
328,206,D,Require executive management to draft IT strategy,False
329,206,A,The IT strategy is modified in response to organizational change.,False
329,206,B,The IT strategy is approved by executive management.,True
329,206,C,The IT strategy is based on IT operational best practices.,False
329,206,D,The IT strategy has significant impact on the business strategy,False
330,206,A,Process and resource inefficiencies,False
330,206,B,Irregularities and illegal acts,False
330,206,C,Noncompliance with organizational policies,False
330,206,D,Misalignment with business objectives,True
331,206,A,Sampling risk,False
331,206,B,Detection risk,True
331,206,C,Control risk,False
331,206,D,Inherent risk,False
332,206,A,Strong risk management practices,False
332,206,B,Internal auditor commitment,False
332,206,C,Supportive corporate culture,True
332,206,D,Documented policies,False
333,206,A,Perform background verification checks.,False
333,206,B,Review third-party audit reports.,False
333,206,C,Implement change management review.,False
333,206,D,Conduct a privacy impact analysis.,True
334,206,A,Restricting evidence access to professionally certified forensic investigators,False
334,206,B,Documenting evidence handling by personnel throughout the forensic investigation,True
334,206,C,"Performing investigative procedures on the original hard drives rather than images of the
hard drives",False
334,206,D,Engaging an independent third party to perform the forensic investigation,False
335,206,A,The survey results were not presented in detail lo management.,False
335,206,B,The survey questions did not address the scope of the business case.,True
335,206,C,The survey form template did not allow additional feedback to be provided.,False
335,206,D,The survey was issued to employees a month after implementation.,False
336,206,A,Simple mail transfer protocol (SMTP),False
336,206,B,Simple object access protocol (SOAP),False
336,206,C,Hypertext transfer protocol (HTTP),False
336,206,D,File transfer protocol (FTP),True
337,206,A,Use an electronic vault for incremental backups,False
337,206,B,Deploy a fully automated backup maintenance system.,False
337,206,C,Periodically test backups stored in a remote location,True
337,206,D,Use both tape and disk backup systems,False
338,206,A,Leverage the work performed by external audit for the internal audit testing.,True
338,206,B,Ensure both the internal and external auditors perform the work simultaneously.,False
338,206,C,Request that the external audit team leverage the internal audit work.,False
338,206,D,Roll forward the general controls audit to the subsequent audit year.,False
339,206,A,Shared facilities,False
339,206,B,Adequacy of physical and environmental controls,True
339,206,C,Results of business continuity plan (BCP) test,False
339,206,D,Retention policy and period,False
340,206,A,CCTV recordings are not regularly reviewed.,True
340,206,B,CCTV cameras are not installed in break rooms,False
340,206,C,CCTV records are deleted after one year.,False
340,206,D,CCTV footage is not recorded 24 x 7.,False
341,206,A,Review a report of security rights in the system.,True
341,206,B,Observe the performance of business processes.,False
341,206,C,Develop a process to identify authorization conflicts.,False
341,206,D,Examine recent system access rights violations.,False
342,206,A,Users are not required to change their passwords on a regular basis,False
342,206,B,Management does not review application user activity logs,False
342,206,C,User accounts are shared between users,True
342,206,D,Password length is set to eight characters,False
343,206,A,deleted data cannot easily be retrieved.,False
343,206,B,deleting the files logically does not overwrite the files' physical data.,True
343,206,C,backup copies of files were not deleted as well.,False
343,206,D,deleting all files separately is not as efficient as formatting the hard disk.,False
344,206,A,Utilize a network-based firewall.,False
344,206,B,Conduct regular user security awareness training.,False
344,206,C,Perform domain name system (DNS) server security hardening.,True
344,206,D,Enforce a strong password policy meeting complexity requirement.,False
345,206,A,Media recycling policy,False
345,206,B,Media sanitization policy,True
345,206,C,Media labeling policy,False
345,206,D,Media shredding policy,False
346,206,A,Change management,False
346,206,B,Problem management,True
346,206,C,incident management,False
346,206,D,Configuration management,False
347,206,A,application programmer,True
347,206,B,systems programmer,False
347,206,C,computer operator,False
347,206,D,quality assurance (QA) personnel,False
348,206,A,Analysis of industry benchmarks,False
348,206,B,Identification of organizational goals,True
348,206,C,Analysis of quantitative benefits,False
348,206,D,Implementation of a balanced scorecard,False
349,206,A,Installing security software on the devices,False
349,206,B,Partitioning the work environment from personal space on devices,True
349,206,C,Preventing users from adding applications,False
349,206,D,Restricting the use of devices for personal purposes during working hours,False
350,206,A,Analyze a new application that moots the current re,False
350,206,B,Perform an analysis to determine the business risk,False
350,206,C,Bring the escrow version up to date.,True
350,206,D,Develop a maintenance plan to support the application using the existing code,False
351,206,A,"Ensure sufficient audit resources are allocated,",False
351,206,B,Communicate audit results organization-wide.,False
351,206,C,Ensure ownership is assigned.,True
351,206,D,Test corrective actions upon completion.,False
352,206,A,Understanding the data classification levels,False
352,206,B,Formalizing data ownership,True
352,206,C,Developing a privacy policy,False
352,206,D,Planning for secure storage capacity,False
353,206,A,Environment segregation,False
353,206,B,Reconciliation,True
353,206,C,System backups,False
353,206,D,Access controls,False
354,206,A,Network penetration tests are not performed,True
354,206,B,The network firewall policy has not been approved by the information security officer.,False
354,206,C,Network firewall rules have not been documented.,False
354,206,D,The network device inventory is incomplete.,False
355,206,A,Limiting access to the data files based on frequency of use,False
355,206,B,Obtaining formal agreement by users to comply with the data classification policy,False
355,206,C,Applying access controls determined by the data owner,True
355,206,D,Using scripted access control lists to prevent unauthorized access to the server,False
356,206,A,Have an independent party review the source calculations,False
356,206,B,Execute copies of EUC programs out of a secure library,True
356,206,C,implement complex password controls,False
356,206,D,Verify EUC results through manual calculations,False
357,206,A,use a proxy server to filter out Internet sites that should not be accessed.,False
357,206,B,keep a manual log of Internet access.,False
357,206,C,monitor remote access activities.,False
357,206,D,include a statement in its security policy about Internet use.,True
358,206,A,To address the overall risk associated with the activity under review,False
358,206,B,To identify areas with relatively high probability of material problems,True
358,206,C,To help ensure maximum use of audit resources during the engagement,False
358,206,D,To help prioritize and schedule auditee meetings,False
359,206,A,Alarm system with CCTV,False
359,206,B,Access control log,True
359,206,C,Security incident log,False
359,206,D,Access card allocation records,False
360,206,A,failure to maximize the use of equipment,False
360,206,B,unanticipated increase in business s capacity needs.,True
360,206,C,cost of excessive data center storage capacity,False
360,206,D,impact to future business project funding.,False
361,206,A,"Assign the security risk analysis to a specially trained member of the project
management office.",False
361,206,B,Deploy changes in a controlled environment and observe for security defects.,False
361,206,C,Include a mandatory step to analyze the security impact when making changes.,True
361,206,D,Mandate that the change analyses are documented in a standard format.,False
362,206,A,The cost of outsourcing is lower than in-house development.,False
362,206,B,The vendor development team is located overseas.,False
362,206,C,A training plan for business users has not been developed.,False
362,206,D,The data model is not clearly documented.,True
363,206,A,Establishing a well-designed framework for network servirces.,False
363,206,B,Finding performance metrics that can be measured properly,True
363,206,C,Ensuring that network components are not modified by the client,False
363,206,D,Reducing the number of entry points into the network,False
364,206,A,Determine the resources required to make the controleffective.,False
364,206,B,Validate the overall effectiveness of the internal control.,False
364,206,C,Verify the impact of the control no longer being effective.,False
364,206,D,Ascertain the existence of other compensating controls.,True
365,206,A,security parameters are set in accordance with the manufacturer s standards.,False
365,206,B,a detailed business case was formally approved prior to the purchase.,False
365,206,C,security parameters are set in accordance with the organization's policies.,True
365,206,D,the procurement project invited lenders from at least three different suppliers.,False
366,206,A,Explain the impact to disaster recovery.,True
366,206,B,Explain the impact to resource requirements.,False
366,206,C,Explain the impact to incident management.,False
366,206,D,Explain the impact to backup scheduling.,False
367,206,A,IT steering committee minutes,False
367,206,B,Business objectives,True
367,206,C,Alignment with the IT tactical plan,False
367,206,D,Compliance with industry best practice,False
368,206,A,The end-to-end process is understood and documented.,True
368,206,B,Roles and responsibilities are defined for the business processes in scope.,False
368,206,C,A benchmarking exercise of industry peers who use RPA has been completed.,False
368,206,D,A request for proposal (RFP) has been issued to qualified vendors.,False
369,206,A,some of the identified throats are unlikely to occur.,False
369,206,B,all identified throats relate to external entities.,False
369,206,C,the exercise was completed by local management.,True
369,206,D,neighboring organizations operations have been included.,False
370,206,A,Increasing the frequency of risk-based IS audits for each business entity,False
370,206,B,Developing a risk-based plan considering each entity's business processes,True
370,206,C,Conducting an audit of newly introduced IT policies and procedures,False
370,206,D,Revising IS audit plans to focus on IT changes introduced after the split,False
371,206,A,To limit the liability associated with storing and protecting information,True
371,206,B,To document business objectives for processing data within the organization,False
371,206,C,To assign responsibility and ownership for data protection outside IT,False
371,206,D,To establish a recovery point detective (RPO) for (toaster recovery procedures,False
372,206,A,The use of the cloud negatively impacting IT availably,False
372,206,B,Increased need for user awareness training,False
372,206,C,"Increased vulnerability due to anytime, anywhere accessibility",True
372,206,D,Lack of governance and oversight for IT infrastructure and applications,False
373,206,A,The applications are not included in business continuity plans (BCFs),False
373,206,B,The applications may not reasonably protect data.,True
373,206,C,The application purchases did not follow procurement policy.,False
373,206,D,The applications could be modified without advanced notice.,False
374,206,A,Using smart cards with one-time passwords,False
374,206,B,Periodically reviewing log files,True
374,206,C,Configuring the router as a firewall,False
374,206,D,Installing biometrics-based authentication,False
375,206,A,Testing incident response plans with a wide range of scenarios,False
375,206,B,Prioritizing incidents after impact assessment.,False
375,206,C,Linking incidents to problem management activities,True
375,206,D,Training incident management teams on current incident trends,False
376,206,A,Restricting program functionality according to user security profiles,False
376,206,B,Restricting access to update programs to accounts payable staff only,False
376,206,C,Including the creator’s user ID as a field in every transaction record created,False
376,206,D,Ensuring that audit trails exist for transactions,True
377,206,A,conduct interviews to gain background information.,False
377,206,B,focus the team on internal controls.,True
377,206,C,report on the internal control weaknesses.,False
377,206,D,provide solutions for control weaknesses.,False
378,206,A,Earned value analysis (EVA),True
378,206,B,Return on investment (ROI) analysis,False
378,206,C,Gantt chart,False
378,206,D,Critical path analysis,False
379,206,A,Ensure that paper documents arc disposed security.,False
379,206,B,Implement an intrusion detection system (IDS).,False
379,206,C,Verify that application logs capture any changes made.,False
379,206,D,Validate that all data files contain digital watermarks,True
380,206,A,gather information from the customers regarding response times and quality of service.,False
380,206,B,review the manual and automated controls in the call center.,False
380,206,C,test the technical infrastructure at the call center.,False
380,206,D,evaluate the operational risk associated with the call center.,True
381,206,A,Project management,False
381,206,B,Risk assessment results,False
381,206,C,IT governance framework,False
381,206,D,Portfolio management,True
382,206,A,Identify approved data workflows across the enterprise.,False
382,206,B,Conduct a threat analysis against sensitive data usage.,False
382,206,C,Create the DLP pcJc.es and templates,False
382,206,D,Conduct a data inventory and classification exercise,True
383,206,A,Cost of projects divided by total IT cost,False
383,206,B,Expected return divided by total project cost,False
383,206,C,Net present value (NPV) of the portfolio,True
383,206,D,Total cost of each project,False
384,206,A,"Conduct a walk-through to view results of an employee plugging in a device to transfer
confidential data.",False
384,206,B,"Review compliance with data loss and applicable mobile device user acceptance
policies.",True
384,206,C,Verify the data loss prevention (DLP) tool is properly configured by the organization.,False
384,206,D,Verify employees have received appropriate mobile device security awareness training.,False
385,206,A,Improve the change management process,False
385,206,B,Establish security metrics.,False
385,206,C,Perform a penetration test,False
385,206,D,Perform a configuration review,True
386,206,A,Verify all patches have been applied to the software system's outdated version,False
386,206,B,Close all unused ports on the outdated software system.,False
386,206,C,Segregate the outdated software system from the main network.,True
386,206,D,Monitor network traffic attempting to reach the outdated software system.,False
387,206,A,reclassify the data to a lower level of confidentiality,False
387,206,B,require the business owner to conduct regular access reviews.,True
387,206,C,implement a strong password schema for users.,False
387,206,D,recommend corrective actions to be taken by the security administrator.,False
388,206,A,Inform potentially affected customers of the security breach,False
388,206,B,Notify business management of the security breach.,False
388,206,C,Research the validity of the alerted breach,True
388,206,D,Engage a third party to independently evaluate the alerted breach.,False
389,206,A,The DRP has not been formally approved by senior management.,False
389,206,B,The DRP has not been distributed to end users.,False
389,206,C,The DRP has not been updated since an IT infrastructure upgrade.,True
389,206,D,The DRP contains recovery procedures for critical servers only.,False
390,206,A,Separating equipment development testing and production,False
390,206,B,Verifying duplicate calculations in data processing,False
390,206,C,Reviewing user access rights for segregation,False
390,206,D,Executing emergency response plans,True
391,206,A,Local managers are solely responsible for risk evaluation.,False
391,206,B,IT risk management is separate from corporate risk management.,False
391,206,C,Risk management strategy is approved by the audit committee.,False
391,206,D,Risk evaluation is embedded in management processes.,True
392,206,A,Loss of application support,False
392,206,B,Lack of system integrity,True
392,206,C,Outdated system documentation,False
392,206,D,Developer access 1o production,False
393,206,A,Required approvals at each life cycle step,False
393,206,B,Date and time stamping of source and object code,False
393,206,C,Access controls for source libraries,True
393,206,D,Release-to-release comparison of source code,False
394,206,A,the provider has alternate service locations.,False
394,206,B,the contract includes compensation for deficient service levels.,False
394,206,C,the provider's information security controls are aligned with the company's.,True
394,206,D,the provider adheres to the company's data retention policies.,False
395,206,A,Notify law enforcement of the finding.,False
395,206,B,Require the third party to notify customers.,False
395,206,C,The audit report with a significant finding.,False
395,206,D,Notify audit management of the finding.,True
396,206,A,The service level agreement (SLA) includes penalties for non-performance.,False
396,206,B,Adequate action is taken for noncompliance with the service level agreement (SLA).,True
396,206,C,The vendor provides historical data to demonstrate its performance.,False
396,206,D,Internal performance standards align with corporate strategy.,False
397,206,A,Require the auditee to address the recommendations in full.,False
397,206,B,Adjust the annual risk assessment accordingly.,False
397,206,C,Evaluate senior management's acceptance of the risk.,True
397,206,D,Update the audit program based on management's acceptance of risk.,False
398,206,A,The contract does not contain a right-to-audit clause.,False
398,206,B,An operational level agreement (OLA) was not negotiated.,False
398,206,C,Several vendor deliverables missed the commitment date.,False
398,206,D,Software escrow was not negotiated.,True
399,206,A,Approved test scripts and results prior to implementation,False
399,206,B,Written procedures defining processes and controls,True
399,206,C,Approved project scope document,False
399,206,D,A review of tabletop exercise results,False
400,206,A,Risk avoidance,True
400,206,B,Risk transfer,False
400,206,C,Risk acceptance,False
400,206,D,Risk reduction,False
401,206,A,Lack of chief information officer (CIO) involvement in board meetings,True
401,206,B,Insufficient IT budget to execute new business projects,False
401,206,C,Lack of information security involvement in business strategy development,False
401,206,D,An IT steering committee chaired by the chief information officer (CIO),False
402,206,A,Review the documentation of recant changes to implement sequential order numbering.,False
402,206,B,"Inquire with management if the system has been configured and tested to generate
sequential order numbers.",False
402,206,C,"Inspect the system settings and transaction logs to determine if sequential order
numbers are generated.",True
402,206,D,Examine a sample of system generated purchase orders obtained from management,False
403,206,A,Misconfiguration and missing updates,True
403,206,B,Malicious software and spyware,False
403,206,C,Zero-day vulnerabilities,False
403,206,D,Security design flaws,False
404,206,A,Mobile device tracking program,False
404,206,B,Mobile device upgrade program,False
404,206,C,Mobile device testing program,False
404,206,D,Mobile device awareness program,True
405,206,A,Inability to utilize the site when required,True
405,206,B,Inability to test the recovery plans onsite,False
405,206,C,Equipment compatibility issues at the site,False
405,206,D,Mismatched organizational security policies,False
406,206,A,Perform a business impact analysis (BIA).,False
406,206,B,Determine which databases will be in scope.,True
406,206,C,Identify the most critical database controls.,False
406,206,D,Evaluate the types of databases being used,False
407,206,A,Service level agreement (SLA),True
407,206,B,Hardware change management policy,False
407,206,C,Vendor memo indicating problem correction,False
407,206,D,An up-to-date RACI chart,False
408,206,A,Users can export application logs.,False
408,206,B,Users can view sensitive data.,False
408,206,C,Users can make unauthorized changes.,True
408,206,D,Users can install open-licensed software.,False
409,206,A,Analyzing risks posed by new regulations,True
409,206,B,Developing procedures to monitor the use of personal data,False
409,206,C,Defining roles within the organization related to privacy,False
409,206,D,Designing controls to protect personal data,False
410,206,A,it facilitates easier audit follow-up,False
410,206,B,it enforces action plan consensus between auditors and auditees,False
410,206,C,it establishes accountability for the action plans,True
410,206,D,it helps to ensure factual accuracy of findings,False
411,206,A,Project segments are established.,False
411,206,B,The work is separated into phases.,False
411,206,C,The work is separated into sprints.,True
411,206,D,Project milestones are created.,False
412,206,A,"Inability of the network intrusion detection system (IDS) to monitor virtual server-lo-
server communications",True
412,206,B,Vulnerability in the virtualization platform affecting multiple hosts,False
412,206,C,Data center environmental controls not aligning with new configuration,False
412,206,D,System documentation not being updated to reflect changes in the environment,False
413,206,A,Limit check,False
413,206,B,Parity check,False
413,206,C,Reasonableness check,False
413,206,D,Validity check,True
414,206,A,The BCP's contact information needs to be updated,False
414,206,B,The BCP is not version controlled.,False
414,206,C,The BCP has not been approved by senior management.,False
414,206,D,The BCP has not been tested since it was first issued.,True
415,206,A,IT operator,False
415,206,B,System administration,False
415,206,C,Emergency support,True
415,206,D,Database administration,False
416,206,A,Apply single sign-on for access control,False
416,206,B,Implement segregation of duties.,False
416,206,C,Enforce an internal data access policy.,True
416,206,D,Enforce the use of digital signatures.,False
417,206,A,The company is being sued for false accusations.,False
417,206,B,The financial report may contain undetected material errors.,True
417,206,C,Employees have been misappropriating funds.,False
417,206,D,Key employees have not taken vacation for 2 years.,False
418,206,A,anonymizing users through changed IP addresses.,True
418,206,B,providing multi-factor authentication for additional security.,False
418,206,C,providing faster response than direct access.,False
418,206,D,load balancing traffic to optimize data pathways.,False
419,206,A,stakeholder expectations were identified,False
419,206,B,vendor product offered a viable solution.,False
419,206,C,user requirements were met.,True
419,206,D,test scenarios reflected operating activities.,False
420,206,A,Whether system delays result in more frequent use of manual processing,False
420,206,B,Whether the system's performance poses a significant risk to the organization,True
420,206,C,Whether stakeholders are committed to assisting with the audit,False
420,206,D,Whether internal auditors have the required skills to perform the audit,False
421,206,A,Check digits,False
421,206,B,Monetary unit sampling,False
421,206,C,Hash values,True
421,206,D,Reasonableness check,False
422,206,A,Reference architecture,False
422,206,B,Infrastructure architecture,False
422,206,C,Information security architecture,True
422,206,D,Application architecture,False
423,206,A,Identify potential threats.,False
423,206,B,Assess vulnerabilities.,False
423,206,C,Identify assets to be protected.,True
423,206,D,Evaluate controls in place.,False
424,206,A,Return on investment (ROI),False
424,206,B,Business strategy,True
424,206,C,Business cases,False
424,206,D,Total cost of ownership (TCO),False
425,206,A,Escalate to audit management to discuss the audit plan,True
425,206,B,Notify the chief operating officer (COO) and discuss the audit plan risks,False
425,206,C,Exclude IS audits from the upcoming year's plan,False
425,206,D,Increase the number of IS audits in the clan,False
426,206,A,assessing and quantifying risk.,False
426,206,B,negotiating contracts with disaster planning consultants.,False
426,206,C,identifying application control requirements.,False
426,206,D,obtaining replacement supplies.,True
427,206,A,Shared registries,False
427,206,B,Host operating system,False
427,206,C,Shared data,False
427,206,D,Shared kernel,True
428,206,A,review qualifications of key members of the project team.,False
428,206,B,review the request for proposal (RFP) to ensure that it covers the scope of work.,False
428,206,C,review cost-benefit documentation for reasonableness.,True
428,206,D,ensure that vendor contracts are reviewed by legal counsel.,False
429,206,A,Inherent,False
429,206,B,Operational,False
429,206,C,Audit,True
429,206,D,Financial,False
430,206,A,Chief information security officer (CISO),False
430,206,B,Information security steering committee,False
430,206,C,Board of directors,True
430,206,D,Chief information officer (CIO),False
431,206,A,Security procedures may be inadequate to support the change,True
431,206,B,A distributed security system is inherently a weak security system,False
431,206,C,End-user acceptance of the new system may be difficult to obtain,False
431,206,D,The new system will require additional resources,False
432,206,A,Frameworks enable IT benchmarks against competitors,False
432,206,B,Frameworks can be tailored and optimized for different organizations,True
432,206,C,Frameworks help facilitate control self-assessments (CSAs),False
432,206,D,Frameworks help organizations understand and manage IT risk,False
433,206,A,having end user responsibilities,True
433,206,B,accessing sensitive information,False
433,206,C,having access to production files,False
433,206,D,using an emergency user ID,False
434,206,A,Quota sampling,False
434,206,B,Haphazard sampling,False
434,206,C,Attribute sampling,True
434,206,D,Variable sampling,False
435,206,A,Providing unit test data,False
435,206,B,Analyzing change requests,False
435,206,C,Updating documentation lo reflect latest changes,False
435,206,D,Approving changes before implementation,True
436,206,A,Whether a disciplinary process is established for data privacy violations,False
436,206,B,Whether strong encryption algorithms are deployed for personal data protection,False
436,206,C,Whether privacy technologies are implemented for personal data protection,False
436,206,D,Whether the systems inventory containing personal data is maintained,True
437,206,A,Performing periodic reviews of physical access to backup media,False
437,206,B,Performing periodic complete data restorations,True
437,206,C,Validating off ne backups using software utilities,False
437,206,D,Reviewing and updating data restoration policies annually,False
438,206,A,Only new employees are required to attend the program,False
438,206,B,Metrics have not been established to assess training results,True
438,206,C,Employees do not receive immediate notification of results,False
438,206,D,The timing for program updates has not been determined,False
439,206,A,The testing produces a lower number of false positive results,False
439,206,B,Network bandwidth is utilized more efficiently,False
439,206,C,Custom-developed applications can be tested more accurately,False
439,206,D,The testing process can be automated to cover large groups of assets,True
440,206,A,Increased number of false negatives in security logs,True
440,206,B,Decreased effectiveness of roof cause analysis,False
440,206,C,Decreased overall recovery time,False
440,206,D,Increased demand for storage space for logs,False
441,206,A,Cryptographic hashes,False
441,206,B,Virtual local area network (VLAN),False
441,206,C,Encryption,True
441,206,D,Dedicated lines,False
442,206,A,Verify that the compromised systems are fully functional,False
442,206,B,Focus on limiting the damage,True
442,206,C,Document the incident,False
442,206,D,Remove and restore the affected systems,False
443,206,A,Single sign-on is not enabled,False
443,206,B,Audit logging is not enabled,True
443,206,C,Security baseline is not consistently applied,False
443,206,D,Complex passwords are not required,False
444,206,A,Using passwords to allow authorized users to send documents to the printer,False
444,206,B,Requiring a key code to be entered on the printer to produce hard copy,True
444,206,C,Encrypting the data stream between the user's computer and the printer,False
444,206,D,Producing a header page with classification level for printed documents,False
445,206,A,Percentage of problems raised from incidents,False
445,206,B,Mean time to categorize tickets,False
445,206,C,Number 0t incidents reported,False
445,206,D,Number of reopened tickets,True
446,206,A,Antivirus software was unable to prevent the attack even though it was properly updated,False
446,206,B,The most recent security patches were not tested prior to implementation,False
446,206,C,Backups were only performed within the local network,True
446,206,D,Employees were not trained on cybersecurity policies and procedures,False
447,206,A,Implementation,False
447,206,B,Development,False
447,206,C,Feasibility,False
447,206,D,Design,True
448,206,A,discontinue maintenance of the disaster recovery plan (DRP>,False
448,206,B,coordinate disaster recovery administration with the outsourcing vendor,True
448,206,C,delegate evaluation of disaster recovery to a third party,False
448,206,D,delegate evaluation of disaster recovery to internal audit,False
449,206,A,Users are required to periodically rotate responsibilities,False
449,206,B,Segregation of duties conflicts are periodically reviewed,False
449,206,C,Data changes are independently reviewed by another group,True
449,206,D,Data changes are logged in an outside application,False
450,206,A,The log is reviewed on a monthly basis.,False
450,206,B,Authorized access is required to view the log.,False
450,206,C,The log cannot be modified.,True
450,206,D,The log is retained per policy.,False
451,206,A,available resources are used efficiently and effectively,True
451,206,B,computer systems are used to their maximum capacity most of the time,False
451,206,C,concurrent use by a large number of users is enabled,False
451,206,D,proposed hardware acquisitions meet capacity requirements,False
452,206,A,Report results to management,False
452,206,B,Document lessons learned,False
452,206,C,Perform a damage assessment,True
452,206,D,Prioritize resources for corrective action,False
453,206,A,Average time between incidents,False
453,206,B,Incident alert meantime,False
453,206,C,Number of incidents reported,False
453,206,D,Incident resolution meantime,True
454,206,A,Availability integrity,False
454,206,B,Data integrity,True
454,206,C,Entity integrity,False
454,206,D,Referential integrity,False
455,206,A,Devices cannot be accessed through service accounts.,False
455,206,B,Backup policies include device configuration files.,False
455,206,C,All devices have current security patches assessed.,True
455,206,D,All devices are located within a protected network segment.,False
456,206,A,The actual start times of some activities were later than originally scheduled.,False
456,206,B,Tasks defined on the critical path do not have resources allocated.,True
456,206,C,The project manager lacks formal certification.,False
456,206,D,Milestones have not been defined for all project products.,False
457,206,A,is under control of the receiver,False
457,206,B,is unique to the message,True
457,206,C,is validated when data are changed,False
457,206,D,has a reproducible hashing algorithm,False
458,206,A,Maintain an onboarding and annual security awareness program.,True
458,206,B,Ensure user workstations are running the most recent version of antivirus software.,False
458,206,C,Include security responsibilities in job descriptions and require signed acknowledgment.,False
458,206,D,Enforce strict email security gateway controls,False
459,206,A,The IT strategy was developed before the business plan,False
459,206,B,A business impact analysis (BIA) was not performed to support the IT strategy,False
459,206,C,The IT strategy was developed based on the current IT capability,False
459,206,D,Information security was not included as a key objective m the IT strategic plan.,True
460,206,A,Degaussing,False
460,206,B,Random character overwrite,False
460,206,C,Physical destruction,True
460,206,D,Low-level formatting,False
461,206,A,Regression testing,True
461,206,B,Unit testing,False
461,206,C,Integration testing,False
461,206,D,Acceptance testing,False
462,206,A,Strategic: goals have been considered.,False
462,206,B,A rollback plan is included.,True
462,206,C,A code check review is included.,False
462,206,D,A migration steering committee has been formed.,False
463,206,A,results are stated m terms of the frequency of items in error,False
463,206,B,it can easily be applied manually when computer resources are not available,False
463,206,C,large-value population items are segregated and audited separately,False
463,206,D,it increases the likelihood of selecting material items from the population,True
464,206,A,imaging the affected system,True
464,206,B,Powering down the affected system,False
464,206,C,Protecting the hardware of the affected system,False
464,206,D,Rebooting the affected system,False
465,206,A,Deviation detection,False
465,206,B,Cluster sampling,False
465,206,C,Random sampling,False
465,206,D,Classification,True
466,206,A,An audit report of the controls by the service provider's external auditor,True
466,206,B,Documentation of the service provider's security configuration controls,False
466,206,C,An interview with the service provider's information security officer,False
466,206,D,A review of the service provider's policies and procedures,False
467,206,A,Planning phase,True
467,206,B,Execution phase,False
467,206,C,Follow-up phase,False
467,206,D,Selection phase,False
468,206,A,Biometrics,False
468,206,B,Procedures for escorting visitors,False
468,206,C,Airlock entrance,True
468,206,D,Intruder alarms,False
469,206,A,Gap analysis,False
469,206,B,Audit reports,False
469,206,C,Risk profile,True
469,206,D,Risk register,False
470,206,A,data classifications are automated.,False
470,206,B,a data dictionary is maintained.,False
470,206,C,data retention requirements are clearly defined.,False
470,206,D,data is correctly classified.,True
471,206,A,Undocumented operating procedures,False
471,206,B,Lack of segregation of duties,False
471,206,C,An excessive backlog of user requests,True
471,206,D,Lack of key performance indicators (KPIs),False
472,206,A,Inadequate controls in the IT environment,False
472,206,B,Mismatches in transaction data,False
472,206,C,Missing server patches,False
472,206,D,Data loss due to hacking of servers,True
473,206,A,Average the business units’ IT risk levels,False
473,206,B,Identify the highest-rated IT risk level among the business units,False
473,206,C,Prioritize the organization's IT risk scenarios,True
473,206,D,Establish a global IT risk scoring criteria,False
474,206,A,Benchmarking against peer organizations,False
474,206,B,Developing key performance indicators (KPIs),False
474,206,C,Completing an IT risk assessment,False
474,206,D,Leveraging an IT governance framework,True
475,206,A,Audit transparency,False
475,206,B,Data confidentiality,False
475,206,C,Professionalism,False
475,206,D,Audit efficiency,True
476,206,A,employee retention,False
476,206,B,enterprise architecture (EA),True
476,206,C,future task updates,False
476,206,D,task capacity output,False
477,206,A,All users provisioned after the finding was originally identified,False
477,206,B,All users provisioned after management resolved the audit issue,False
477,206,C,All users provisioned after the final audit report was issued,True
477,206,D,All users who have followed user provisioning processes provided by management,False
478,206,A,The physical footprint of servers could decrease within the data center.,False
478,206,B,Performance issues with the host could impact the guest operating systems.,True
478,206,C,Processing capacity may be shared across multiple operating systems.,False
478,206,D,One host may have multiple versions of the same operating system.,False
479,206,A,Backlog consumption reports,True
479,206,B,Critical path analysis reports,False
479,206,C,Developer status reports,False
479,206,D,Change management logs,False
480,206,A,Unrealistic milestones,False
480,206,B,Inadequate deliverables,False
480,206,C,Unclear benefits,False
480,206,D,Incomplete requirements,True
481,206,A,Cross-site scripting (XSS),False
481,206,B,Copyright violations,False
481,206,C,Social engineering,True
481,206,D,Adverse posts about the organization,False
482,206,A,Confirm whether the identified risks are still valid.,False
482,206,B,Provide a report to the audit committee.,False
482,206,C,Escalate the lack of plan completion to executive management.,True
482,206,D,Request an additional action plan review to confirm the findings.,False
483,206,A,An intercepted password cannot be reused,True
483,206,B,Security for applications can be automated,False
483,206,C,Users do not have to memorize complex passwords,False
483,206,D,Users cannot be locked out of an account,False
484,206,A,Business continuity plan (BCP),False
484,206,B,Recovery point objective (RPO),True
484,206,C,Mean time to restore (MTTR),False
484,206,D,Mean time between failures (MTBF),False
485,206,A,"To enable conclusions about me performance of the processes and target variances tor
follow-up analysis",True
485,206,B,"To analyze workflows in order to optimize business processes and eliminate tasks that
do not provide value",False
485,206,C,To assess the functionality of a software deliverable based on business processes,False
486,206,A,To train the end users and supporting staff on the new system,False
486,206,B,To verify the new system provides required business functionality,False
486,206,C,To reduce the need for additional testing,False
486,206,D,To validate the new system against its predecessor,True
487,206,A,Additional firewall rules,False
487,206,B,Multi-factor authentication,False
487,206,C,Virtual private network (VPN),True
487,206,D,Virtual desktop,False
488,206,A,Controls to adequately safeguard the data may not be applied.,True
488,206,B,Data may not be encrypted by the system administrator.,False
488,206,C,Competitors may be able to view the data.,False
488,206,D,Control costs may exceed the intrinsic value of the IT asset.,False
489,206,A,Re-partitioning,False
489,206,B,Degaussing,False
489,206,C,Formatting,False
489,206,D,Data wiping,True
490,206,A,Inspecting a sample of alerts generated from the central log repository,False
490,206,B,"Comparing a list of all servers from the directory server against a list of all servers
present in the central log repository",True
490,206,C,Inspecting a sample of alert settings configured in the central log repository,False
490,206,D,"Comparing all servers included in the current central log repository with the listing used
for the prior-year audit",False
491,206,A,Approve a data classification policy.,True
491,206,B,Select a data loss prevention (DLP) product.,False
491,206,C,Confirm that adequate resources are available for the project.,False
491,206,D,Check for the required regulatory requirements.,False
492,206,A,A control self-assessment (CSA),False
492,206,B,Results of control testing,True
492,206,C,Interviews with management,False
492,206,D,A control matrix,False
493,206,A,provide test consistency.,True
493,206,B,provide more flexibility.,False
493,206,C,replace all manual test processes.,False
493,206,D,reduce the time to review code.,False
494,206,A,payment processing.,True
494,206,B,payroll processing.,False
494,206,C,procurement.,False
494,206,D,product registration.,False
495,206,A,Review test procedures and scenarios,False
495,206,B,Conduct a mock conversion test,True
495,206,C,Establish a configuration baseline,False
495,206,D,Automate the test scripts,False
496,206,A,Approval processes for new system implementations,True
496,206,B,Procedures for adding a new user to the invoice processing system,False
496,206,C,Approval processes for updating the corporate website,False
496,206,D,Procedures for regression testing system changes,False
497,206,A,Consultation with security staff,False
497,206,B,Inclusion of mission and objectives,False
497,206,C,Compliance with relevant regulations,False
497,206,D,Alignment with an information security framework,True
498,206,A,implement a control self-assessment (CSA),False
498,206,B,Conduct a gap analysis,False
498,206,C,Develop a maturity model,False
498,206,D,Evaluate key performance indicators (KPIs),True
499,206,A,Information privacy,False
499,206,B,256-brt key length,False
499,206,C,Data availability,False
499,206,D,Nonrepudiation,True
500,206,A,To identify atypical running processes,True
500,206,B,To verify antivirus definitions,False
500,206,C,To identify local administrator account access,False
500,206,D,To verify the integrity of operating system backups,False
501,206,A,Establish rules for converting data from one format to another,True
501,206,B,Implement data entry controls for new and existing applications,False
501,206,C,Implement a consistent database indexing strategy,False
501,206,D,Develop a metadata repository to store and access metadata,False
502,206,A,business risk,True
502,206,B,security policy,False
502,206,C,data retention requirements,False
502,206,D,industry standards,False
503,206,A,Service auditor's report,False
503,206,B,Performance metrics,True
503,206,C,Surprise visit to vendor,False
503,206,D,Interview with vendor,False
504,206,A,Business case development phase when stakeholders are identified,False
504,206,B,Application design phase process functionalities are finalized,True
504,206,C,User acceptance testing (UAT) phase when test scenarios are designed,False
504,206,D,Application coding phase when algorithms are developed to solve business problems,False
505,206,A,Less funding required overall,False
505,206,B,Quicker deliverables,True
505,206,C,Quicker end user acceptance,False
505,206,D,Clearly defined business expectations,False
506,206,A,specific charges that can be tied back to specific usage.,True
506,206,B,total utilization to achieve full operating capacity.,False
506,206,C,residual income in excess of actual incurred costs.,False
506,206,D,allocations based on the ability to absorb charges.,False
507,206,A,User activity monitoring,True
507,206,B,Two-factor authentication,False
507,206,C,Network segmentation,False
507,206,D,Access recertification,False
508,206,A,Whether the solution architecture compiles with IT standards,False
508,206,B,Whether success criteria have been achieved,True
508,206,C,Whether the project has been delivered within the approved budget,False
508,206,D,Whether lessons teamed have been documented,False
509,206,A,database conflicts are managed during replication.,True
509,206,B,end users are trained in the replication process.,False
509,206,C,the source database is backed up on both sites.,False
509,206,D,user rights are identical on both databases.,False
510,206,A,There is no requirement for desktops to be encrypted,False
510,206,B,Staff are allowed to work remotely,False
510,206,C,Security awareness training is not provided to staff,True
510,206,D,Security policies have not been updated in the past year,False
511,206,A,Insufficient processes to track ownership of each EUC application?,False
511,206,B,Insufficient processes to lest for version control,False
511,206,C,Lack of awareness training for EUC users,False
511,206,D,Lack of defined criteria for EUC applications,True
512,206,A,EUC inventory,True
512,206,B,EUC availability controls,False
512,206,C,EUC access control matrix,False
512,206,D,EUC tests of operational effectiveness,False
513,206,A,"IT investments are implemented and monitored following a system development life
cycle (SDLC)",False
513,206,B,IT investments are mapped to specific business objectives,True
513,206,C,Key performance indicators (KPIs) are defined for each business requiring IT Investment,False
513,206,D,The IT Investment budget is significantly below industry benchmarks,False
514,206,A,Define recovery point objectives (RPO),False
514,206,B,Simulate a disaster recovery,False
514,206,C,Develop a business impact analysis (BIA),True
514,206,D,Analyze capability maturity model gaps,False
515,206,A,Implement real-time activity monitoring for privileged roles,True
515,206,B,Include the right-to-audit in the vendor contract,False
515,206,C,Perform a review of privileged roles and responsibilities,False
515,206,D,Require the vendor to implement job rotation for privileged roles,False
516,206,A,KPI data is not being analyzed,False
516,206,B,KPIs are not clearly defined,True
516,206,C,Some KPIs are not documented,False
516,206,D,KPIs have never been updated,False
517,206,A,Completing the incident management log,False
517,206,B,Broadcasting an emergency message,False
517,206,C,Requiring a dedicated incident response team,False
517,206,D,Implementing incident escalation procedures,True
518,206,A,Key performance indicator (KPI) monitoring,False
518,206,B,Change management,False
518,206,C,Configuration management,False
518,206,D,Quality assurance (QA),True
519,206,A,Monitoring network traffic,False
519,206,B,Changing existing configurations for applications,True
519,206,C,Hardening network ports,False
519,206,D,Ensuring transmission protocols are functioning correctly,False
520,206,A,The cloud provider's external auditor,False
520,206,B,The cloud provider,False
520,206,C,The operating system vendor,False
520,206,D,The organization,True
521,206,A,Data storage costs,False
521,206,B,Data classification,True
521,206,C,Vendor cloud certification,False
521,206,D,Service level agreements (SLAs),False
522,206,A,Continuity of service,False
522,206,B,Identity management,False
522,206,C,Homogeneity of the network,True
522,206,D,Nonrepudiation,False
523,206,A,Input by data custodians,False
523,206,B,Security policy requirements,False
523,206,C,Risk assessment results,True
523,206,D,Current level of protection,False
524,206,A,Explain to IT management that the new control will be evaluated during follow-up,False
524,206,B,Add comments about the action taken by IT management in the report,False
524,206,C,Change the conclusion based on evidence provided by IT management,False
524,206,D,Re-perform the audit before changing the conclusion,True
525,206,A,Configuration phase,False
525,206,B,User training phase,False
525,206,C,Quality assurance (QA) phase,True
525,206,D,Development phase,False
526,206,A,Project charter,False
526,206,B,Project plan,False
526,206,C,Project issue log,False
526,206,D,Project business case,True
527,206,A,Lessons learned were documented and applied.,True
527,206,B,Business and IT stakeholders participated in the post-implementation review.,False
527,206,C,"Post-implementation review is a formal phase in the system development life cycle
(SDLC).",False
527,206,D,Internal audit follow-up was completed without any findings.,False
528,206,A,Document the security view as part of the EA,False
528,206,B,Consider stakeholder concerns when defining the EA,False
528,206,C,Perform mandatory post-implementation reviews of IT implementations,False
528,206,D,Conduct EA reviews as part of the change advisory board,True
529,206,A,Unit the use of logs to only those purposes for which they were collected,True
529,206,B,Restrict the transfer of log files from host machine to online storage,False
529,206,C,Only collect logs from servers classified as business critical,False
529,206,D,Limit log collection to only periods of increased security activity,False
530,206,A,Prioritizing IT projects in accordance with business requirements,True
530,206,B,Reviewing periodic IT risk assessments,False
530,206,C,Validating and monitoring the skill sets of IT department staff,False
530,206,D,Establishing IT budgets for the business,False
531,206,A,Policies and procedures for managing documents provided by department heads,False
531,206,B,"A system-generated list of staff and their project assignments. roles, and responsibilities",True
531,206,C,Previous audit reports related to other departments' use of the same system,False
531,206,D,"Information provided by the audit team lead an the authentication systems used by the
department",False
532,206,A,The organization does not use an industry-recognized methodology,False
532,206,B,Changes and change approvals are not documented,True
532,206,C,All changes require middle and senior management approval,False
532,206,D,There is no centralized configuration management database (CMDB),False
533,206,A,To determine the current risk profile,True
533,206,B,To ensure alignment with the business impact analysis (BIA),False
533,206,C,To achieve compliance with regulatory requirements,False
533,206,D,To help allocate budget for risk mitigation controls,False
534,206,A,Recommend the utilization of software licensing monitoring tools,False
534,206,B,Recommend the purchase of additional software license keys,False
534,206,C,Validate user need for shared software licenses,False
534,206,D,Verify whether the licensing agreement allows shared use,True
535,206,A,The IS audit staff has a high level of experience.,False
535,206,B,It is expected that the population is error-free.,True
535,206,C,Proper segregation of duties is in place.,False
535,206,D,The data can be directly changed by users.,False
536,206,A,Testing encryption standards on the disaster recovery system,False
536,206,B,Validating access controls for real-time data systems,True
536,206,C,Performing parallel testing between systems,False
536,206,D,Validating performance of help desk metrics,False
537,206,A,RAID level 5 storage devices,False
537,206,B,Online backups,False
537,206,C,A mirrored site at another location,True
537,206,D,Clustered architecture,False
538,206,A,Steps taken to address identified vulnerabilities are not formally documented,False
538,206,B,Results are not reported to individuals with authority to ensure resolution,True
538,206,C,"Scans are performed less frequently than required by the organization's vulnerability
scanning schedule",False
538,206,D,Results are not approved by senior management,False
539,206,A,"Identify accounts that have had excessive failed login attempts and request they be
disabled",False
539,206,B,"Request the IT manager to change administrator security parameters and update the
finding",False
539,206,C,"Document the finding and explain the risk of having administrator accounts with

inappropriate security settings",True
540,206,A,The new system has resulted m layoffs of key experienced personnel.,False
540,206,B,Users have not been trained on the new system.,False
540,206,C,Data from the legacy system is not migrated correctly to the new system.,True
540,206,D,The new system is not platform agnostic,False
541,206,A,Business continuity plan (BCP),False
541,206,B,Test results for backup data restoration,False
541,206,C,A comprehensive list of disaster recovery scenarios and priorities,False
541,206,D,Roles and responsibilities for recovery team members,True
542,206,A,Stress,True
542,206,B,Regression,False
542,206,C,Interface,False
542,206,D,Integration,False
543,206,A,are recommended by security standards.,False
543,206,B,can limit Telnet and traffic from the open Internet.,True
543,206,C,act as fitters between the world and the network.,False
543,206,D,can detect cyberattacks.,False
544,206,A,Proficiency,False
544,206,B,Due professional care,True
544,206,C,Sufficient evidence,False
544,206,D,Reporting,False
545,206,A,Come to an agreement prior to issuing the final report.,False
545,206,B,Include the position supported by senior management in the final engagement report,True
545,206,C,Ensure the auditee's comments are included in the working papers,False
545,206,D,Exclude the disputed recommendation from the final engagement report,False
546,206,A,Directive,False
546,206,B,Detective,False
546,206,C,Preventive,True
546,206,D,Compensating,False
547,206,A,Recommend the application be patched to meet requirements.,False
547,206,B,Inform the IT director of the policy noncompliance.,False
547,206,C,Verify management has approved a policy exception to accept the risk.,True
547,206,D,Take no action since the application will be decommissioned in three months.,False
548,206,A,Transaction integrity,False
548,206,B,Processing integrity,True
548,206,C,Distribution control,False
548,206,D,System recoverability,False
549,206,A,Risk appetite,False
549,206,B,Critical applications m the cloud,False
549,206,C,Completeness of critical asset inventory,True
549,206,D,Recovery scenarios,False
550,206,A,Electronic copies of customer sales receipts are maintained.,True
550,206,B,Monthly bank statements are reconciled without exception.,False
550,206,C,Nightly batch processing has been replaced with real-time processing.,False
550,206,D,The data transferred over the POS interface is encrypted.,False
551,206,A,Data Encryption Standard (DES),False
551,206,B,Digital signature,True
551,206,C,Public key encryption,False
551,206,D,Multi-factor authentication,False
552,206,A,The programmer did not involve the user in testing,False
552,206,B,The user requirements were not documented,False
552,206,C,The programmer has access to the production programs,True
552,206,D,Payroll files were not under the control of a librarian,False
553,206,A,Operating system weaknesses are more easily identified.,False
553,206,B,Emerging security technologies are better understood and accepted.,False
553,206,C,The cost to mitigate information security risk is reduced.,False
553,206,D,Organizational awareness of security responsibilities is improved.,True
554,206,A,Stronger data security,False
554,206,B,Better utilization of resources,True
554,206,C,Increased application performance,False
554,206,D,Improved disaster recovery,False
555,206,A,scope and methodology meet audit requirements,True
555,206,B,service provider is independently certified and accredited,False
555,206,C,report confirms that service levels were not violated,False
555,206,D,report was released within the last 12 months,False
556,206,A,Data retention,False
556,206,B,Data minimization,True
556,206,C,Data quality,False
556,206,D,Data integrity,False
557,206,A,To ensure the conclusions are adequately supported,True
557,206,B,To ensure adequate sampling methods were used during fieldwork,False
557,206,C,To ensure the work is properly documented and filed,False
557,206,D,To ensure the work is conducted according to industry standards,False
558,206,A,inventory of relevant business processes,True
558,206,B,Policies for business procurement,False
558,206,C,Documentation of application configurations,False
558,206,D,Results of business resumption planning efforts,False
559,206,A,Monitoring tools are configured to alert in case of downtime,False
559,206,B,A comprehensive security review is performed every quarter.,False
559,206,C,Data for different tenants is segregated by database schema,False
559,206,D,Tenants are required to implement data classification polices,True
560,206,A,Problem management,True
560,206,B,Incident management,False
560,206,C,Service level management,False
560,206,D,Change management,False
561,206,A,Function point analysis,True
561,206,B,Work breakdown structure,False
561,206,C,Critical path analysts,False
561,206,D,Software cost estimation,False
562,206,A,To enable the review of large value transactions,False
562,206,B,To efficiently test large volumes of data,True
562,206,C,To help identity transactions with no segregation of duties,False
562,206,D,To assist in performing analytical reviews,False
563,206,A,The method relies exclusively on the use of asymmetric encryption algorithms.,False
563,206,B,The method relies exclusively on the use of 128-bit encryption.,False
563,206,C,The method relies exclusively on the use of digital signatures.,False
563,206,D,The method relies exclusively on the use of public key infrastructure (PKI).,True
564,206,A,Information security manager,False
564,206,B,Quality assurance (QA) manager,False
564,206,C,Business department executive,False
564,206,D,Business process owner,True
565,206,A,Data classification policy and procedures,True
565,206,B,Access rights of similar file servers,False
565,206,C,Previous data breach incident reports,False
565,206,D,Acceptable use policy and privacy statements,False
566,206,A,Inaccurate business impact analysis (BIA),False
566,206,B,Inadequate IT change management practices,False
566,206,C,Lack of a benchmark analysis,False
566,206,D,Inadequate IT portfolio management,True
567,206,A,Parallel changeover,True
567,206,B,Modular changeover,False
567,206,C,Phased operation,False
567,206,D,Pilot operation,False
568,206,A,Directive,False
568,206,B,Corrective,True
568,206,C,Detective,False
568,206,D,Compensating,False
569,206,A,Intrusion detection system (IDS),False
569,206,B,Security information and event management (SIEM) system,False
569,206,C,Stateful firewall,True
569,206,D,Load balancer,False
570,206,A,Standard operating procedures,False
570,206,B,Service level agreements (SLAs),False
570,206,C,Roles and responsibility matrix,True
570,206,D,Business resiliency,False
571,206,A,Financial regulations affecting the organization,False
571,206,B,Data center physical access controls whore the application is hosted,False
571,206,C,Privacy regulations affecting the organization,True
571,206,D,Per-unit cost charged by the hosting services provider for storage,False
572,206,A,Auditors are responsible for performing operational duties or activities.,False
572,206,B,The internal audit manager reports functionally to a senior management official.,False
572,206,C,The internal audit manager has a reporting line to the audit committee.,True
572,206,D,Auditors are responsible for assessing and operating a system of internal controls.,False
573,206,A,a host operating system.,True
573,206,B,a guest operating system.,False
573,206,C,any applications on the guest operating system.,False
573,206,D,any applications on the host operating system.,False
574,206,A,Ensure the open issues are retained in the audit results.,False
574,206,B,Terminate the follow-up because open issues are not resolved,False
574,206,C,Recommend compensating controls for open issues.,False
574,206,D,Evaluate the residual risk due to open issues.,True
575,206,A,Trace a sample of complete PCR forms to the log of all program changes,False
575,206,B,"Use source code comparison software to determine whether any changes have been
made to a sample of programs since the last audit date",True
575,206,C,Review a sample of PCRs for proper approval throughout the program change process,False
575,206,D,Trace a sample of program change from the log to completed PCR forms,False
576,206,A,Management contracts with a third party for warm site services.,False
576,206,B,Management schedules an annual tabletop exercise.,False
576,206,C,Management documents and distributes a copy of the plan to all personnel.,False
576,206,D,Management reviews and updates the plan annually or as changes occur.,True
577,206,A,The vendor's process appropriately sanitizes the media before disposal,True
577,206,B,The contract includes issuance of a certificate of destruction by the vendor,False
577,206,C,The vendor has not experienced security incidents in the past.,False
577,206,D,The disposal transportation vehicle is fully secure,False
578,206,A,Switch,False
578,206,B,Intrusion prevention system (IPS),False
578,206,C,Gateway,False
578,206,D,Router,True
579,206,A,defining the authority and responsibility of the IS audit function.,False
579,206,B,providing details on how to execute the audit program.,False
579,206,C,providing direction and information regarding the performance of audits.,True
579,206,D,outlining the specific steps needed to complete audits,False
580,206,A,Preventive maintenance costs exceed the business allocated budget.,False
580,206,B,Preventive maintenance has not been approved by the information system,False
580,206,C,"Preventive maintenance is outsourced to multiple vendors without requiring
nondisclosure agreements (NDAs)",True
580,206,D,"The preventive maintenance schedule is based on mean time between failures (MTBF)

parameters.",False
581,206,A,traffic volumes and response-time criteria,False
581,206,B,physical security for network equipment,False
581,206,C,the level of redundancy in the various communication paths,False
581,206,D,business use and types of messages to be transmitted,True
582,206,A,Update security policies based on the new regulation.,False
582,206,B,Determine which systems and IT-related processes may be impacted.,True
582,206,C,Evaluate how security awareness and training content may be impacted.,False
582,206,D,Review the design and effectiveness of existing IT controls.,False
583,206,A,Analyzing how the configuration changes are performed,False
583,206,B,Analyzing log files,False
583,206,C,Reviewing the rule base,True
583,206,D,Performing penetration testing,False
584,206,A,Evaluating the likelihood of attack,False
584,206,B,Estimating potential damage,False
584,206,C,Identifying vulnerable assets,True
584,206,D,Assessing the Impact of vulnerabilities,False
585,206,A,Establishing a risk appetite,False
585,206,B,Establishing a risk management framework,False
585,206,C,Validating enterprise risk management (ERM),True
585,206,D,Operating the risk management framework,False
586,206,A,Remote access servers,False
586,206,B,Secure Sockets Layers (SSLs),False
586,206,C,Internet Protocol (IP) address restrictions,True
586,206,D,Failover services,False
587,206,A,Software vulnerability scanning is done on an ad hoc basis.,False
587,206,B,Change control does not include testing and approval from quality assurance (QA).,True
587,206,C,Production code deployment is not automated.,False
587,206,D,Current DevSecOps processes have not been independently verified.,False
588,206,A,The change management process was not formally documented,False
588,206,B,Backups of the old system and data are not available online,False
588,206,C,"Unauthorized data modifications occurred during conversion,",True
588,206,D,Data conversion was performed using manual processes,False
589,206,A,vulnerabilities,True
589,206,B,compensating controls,False
589,206,C,business needs,False
589,206,D,business process owners,False
590,206,A,the recovery site devices can handle the storage requirements,True
590,206,B,hardware maintenance contract is in place for both old and new storage devices,False
590,206,C,the procurement was in accordance with corporate policies and procedures,False
590,206,D,the relocation plan has been communicated to all concerned parties,False
591,206,A,Regular scanning of hard drives,True
591,206,B,Communicating the policy to employees,False
591,206,C,Logging of activity on the network,False
591,206,D,Maintaining current antivirus software,False
592,206,A,legitimate packets blocked by the system have increased,False
592,206,B,actual attacks have not been identified,True
592,206,C,detected events have increased,False
592,206,D,false positives have been reported,False
593,206,A,Communication with law enforcement,False
593,206,B,Notification to regulators,False
593,206,C,Root cause analysis,False
593,206,D,Evidence collection,True
594,206,A,Review transaction recovery logs to ensure no errors were recorded.,False
594,206,B,Recount the transaction records to ensure no records are missing.,True
594,206,C,Rerun the process on a backup machine to verify the results are the same.,False
594,206,D,Compare transaction values against external statements to verify accuracy.,False
595,206,A,Judgmental sampling,False
595,206,B,Substantive testing,True
595,206,C,Compliance testing,False
595,206,D,Stop-or-go sampling,False
596,206,A,Description of the services from the viewpoint of the provider,False
596,206,B,Detailed identification of work to be completed,False
596,206,C,Provisions for regulatory requirements that impact the end users' businesses,False
596,206,D,Description of the services from the viewpoint of the client organization,True
597,206,A,computer room closest to the uninterruptible power supply (UPS) module,False
597,206,B,computer room closest to the server computers,False
597,206,C,system administrators’ office,False
597,206,D,booth used by the building security personnel,True
598,206,A,Password/PIN protection,False
598,206,B,Device tracking software,False
598,206,C,Device encryption,True
598,206,D,Periodic backup,False
599,206,A,issuing authentication tokens,True
599,206,B,Reinforcing current security policies,False
599,206,C,Limiting after-hours usage,False
599,206,D,Installing an automatic password generator,False
600,206,A,evaluating the IT project portfolio,False
600,206,B,measuring IT strategic performance,True
600,206,C,allocating IT budget and resources,False
600,206,D,monitoring risk in lT-related processes,False
601,206,A,Industry regulations,True
601,206,B,Industry standards,False
601,206,C,Incident response plan,False
601,206,D,Information security policy,False
602,206,A,Readily available resources such as domains and risk and control methodologies,False
602,206,B,"Comprehensive coverage of fundamental and critical risk and control areas for IT
governance",False
602,206,C,"Fewer resources expended on trial-and-error attempts to fine-tune implementation
methodologies",False
602,206,D,Wide acceptance by different business and support units with IT governance objectives,True
603,206,A,Implement controls to prohibit downloads of unauthorized software.,False
603,206,B,Conduct periodic software scanning.,True
603,206,C,Perform periodic counting of licenses.,False
603,206,D,Require senior management approval when installing licenses.,False
604,206,A,IT value analysis,False
604,206,B,Prior audit reports,False
604,206,C,IT balanced scorecard,True
604,206,D,Vulnerability assessment report,False
605,206,A,Review strategic projects tor return on investments (ROls),False
605,206,B,Solicit feedback from other departments to gauge the organization's maturity,False
605,206,C,Meet with senior management to understand business goals,True
605,206,D,Review the organization's key performance indicators (KPls),False
606,206,A,Secure Hash Algorithm 1(SHA-1),False
606,206,B,Digital signatures,False
606,206,C,Encryption,True
606,206,D,Digital certificates,False
607,206,A,Interview change management personnel about completeness.,False
607,206,B,Take an item from the log and trace it back to the system.,False
607,206,C,Obtain management attestation of completeness.,False
607,206,D,Take the last change from the system and trace it back to the log.,True
608,206,A,"Key business process end users did not participate in the business impact "" analysis
(BIA)",False
608,206,B,"Copies of the BCP have not been distributed to new business unit end users sjnce the

reorganization",False
608,206,C,A test plan for the BCP has not been completed during the last two years,True
609,206,A,Infrastructure as a Service (laaS) provider,False
609,206,B,Software as a Service (SaaS) provider,True
609,206,C,Network segmentation,False
609,206,D,Dynamic localization,False
610,206,A,Detective control,True
610,206,B,Preventive control,False
610,206,C,Corrective control,False
610,206,D,Administrative control,False
611,206,A,risk framework,False
611,206,B,balanced scorecard,True
611,206,C,value chain analysis,False
611,206,D,control self-assessment (CSA),False
612,206,A,Align the IT strategy will business objectives,True
612,206,B,Review priorities in the IT portfolio,False
612,206,C,Change the IT strategy to focus on operational excellence.,False
612,206,D,Align the IT portfolio with the IT strategy.,False
613,206,A,A significant increase in authorized connections to third parties,False
613,206,B,A significant increase in cybersecurity audit findings,False
613,206,C,A significant increase in approved exceptions,True
613,206,D,A significant increase in external attack attempts,False
614,206,A,Ask the auditee to retest,False
614,206,B,Approve the work papers as written,False
614,206,C,Have the finding reinstated,True
614,206,D,Refer the issue to the audit director,False
615,206,A,Document last-minute enhancements,True
615,206,B,Perform a pre-implementation audit,False
615,206,C,Perform user acceptance testing (UAT),False
615,206,D,Ensure that code has been reviewed,False
616,206,A,"Employees must immediately report lost or stolen mobile devices containing
organizational data",False
616,206,B,"Employees must sign acknowledgment of the organization's mobile device acceptable
use policy",False
616,206,C,"Employees must enroll their personal devices in the organization's mobile device
management program",True
617,206,A,some of the identified threats are unlikely to occur.,False
617,206,B,all identified threats relate to external entities.,True
617,206,C,the exercise was completed by local management.,False
617,206,D,neighboring organizations' operations have been included.,False
618,206,A,Use a larger sample size,False
618,206,B,Perform statistical sampling,True
618,206,C,Perform judgmental sampling,False
618,206,D,Enhance audit testing procedures,False
619,206,A,The information security department has difficulty filling vacancies,False
619,206,B,An information security governance audit was not conducted within the past year,False
619,206,C,The data center manager has final sign-off on security projects,True
619,206,D,Information security policies are updated annually,False
620,206,A,Data owners are not trained on the use of data conversion tools.,False
620,206,B,A post-implementation lessons-learned exercise was not conducted.,False
620,206,C,There is no system documentation available for review.,True
620,206,D,System deployment is routinely performed by contractors.,False
621,206,A,Jogging all packets passing through network segments,False
621,206,B,inspecting all traffic flowing between network segments and applying security policies,True
621,206,C,monitoring and reporting on sessions between network participants,False
621,206,D,ensuring all connecting systems have appropriate security controls enabled.,False
622,206,A,Installation manuals,False
622,206,B,Onsite replacement availability,False
622,206,C,Insurance coverage,False
622,206,D,Maintenance procedures,True
623,206,A,Verify all patches have been applied to the software system's outdated version.,False
623,206,B,Close all unused ports on the outdated software system.,False
623,206,C,Monitor network traffic attempting to reach the outdated software system.,False
623,206,D,Segregate the outdated software system from the main network.,True
624,206,A,Security policies are not applicable across all business units,False
624,206,B,End users are not required to acknowledge security policy training,False
624,206,C,The security policy has not been reviewed within the past year,False
624,206,D,Security policy documents are available on a public domain website,True
625,206,A,"tracing modifications from the original request for change forward to the executable
program.",True
625,206,B,"tracing modifications from the executable program back to the original request for
change.",False
625,206,C,testing only the authorizations to implement the new program.,False
625,206,D,reviewing only the actual lines of source code changed in the program.,False
626,206,A,Report the deviation by the control owner in the audit report.,False
626,206,B,Evaluate the implemented control to ensure it mitigates the risk to an acceptable level.,True
626,206,C,Cancel the follow-up audit and reschedule for the next audit period.,False
626,206,D,Request justification from management for not implementing the recommended control.,False
627,206,A,Implement data loss prevention (DLP) software,False
627,206,B,Review perimeter firewall logs,False
627,206,C,Provide ongoing information security awareness training,False
627,206,D,Establish behavioral analytics monitoring,True
628,206,A,Require employees to waive privacy rights related to data on BYOD devices.,False
628,206,B,"Require multi-factor authentication on BYOD devices,",True
628,206,C,Specify employee responsibilities for reporting lost or stolen BYOD devices.,False
628,206,D,Allow only registered BYOD devices to access the network.,False
629,206,A,Degradation of services,False
629,206,B,Limited tolerance for damage,False
629,206,C,Decreased mean time between failures (MTBF),False
629,206,D,Single point of failure,True
630,206,A,Wi-Fi,False
630,206,B,Bluetooth,False
630,206,C,Long-term evolution (LTE),False
630,206,D,Near-field communication (NFC),True
631,206,A,"The information security policy has not been approved by the chief audit executive
(CAE).",False
631,206,B,The information security policy does not include mobile device provisions,False
631,206,C,The information security policy is not frequently reviewed,False
631,206,D,The information security policy has not been approved by the policy owner,True
632,206,A,Determine whether another DBA could make the changes,False
632,206,B,Report a potential segregation of duties violation,False
632,206,C,identify whether any compensating controls exist,True
632,206,D,Ensure a change management process is followed prior to implementation,False
633,206,A,Crypto-shredding,False
633,206,B,Multiple overwriting,True
633,206,C,Reformatting,False
633,206,D,Re-partitioning,False
634,206,A,Difference estimation sampling,False
634,206,B,Stratified mean per unit sampling,True
634,206,C,Customer unit sampling,False
634,206,D,Unstratified mean per unit sampling,False
635,206,A,Determine exposure to the business,True
635,206,B,Adjust future testing activities accordingly,False
635,206,C,Increase monitoring for security incidents,False
635,206,D,Hire a third party to perform security testing,False
636,206,A,control design.,False
636,206,B,feasibility study.,True
636,206,C,application design.,False
636,206,D,system test.,False
637,206,A,Input from customers,False
637,206,B,Industry standard business definitions,False
637,206,C,Validation of rules by the business,True
637,206,D,Built-in data error prevention application controls,False
638,206,A,comply with vendor management policy,False
638,206,B,convert source code to new executable code.,False
638,206,C,satisfy regulatory requirements.,False
638,206,D,ensure the source code is available.,True
639,206,A,Independence,True
639,206,B,Integrity,False
639,206,C,Materiality,False
639,206,D,Accountability,False
640,206,A,End-user computing (EUC) systems,True
640,206,B,Email attachments,False
640,206,C,Data sent to vendors,False
640,206,D,New system applications,False
641,206,A,Data leakage as a result of employees leaving to work for competitors,False
641,206,B,Noncompliance fines related to storage of regulated information,False
641,206,C,Unauthorized logical access to information through an application interface,False
641,206,D,Physical theft of media on which information is stored,True
642,206,A,Integration testing,False
642,206,B,Regression testing,False
642,206,C,Automated testing,True
642,206,D,User acceptance testing (UAT),False
643,206,A,The policy aligns with corporate policies and practices.,False
643,206,B,The policy aligns with global best practices.,False
643,206,C,The policy aligns with business goals and objectives.,False
643,206,D,The policy aligns with local laws and regulations.,True
644,206,A,Voice recovery,False
644,206,B,Alternative routing,False
644,206,C,Long-haul network diversity,False
644,206,D,Last-mile circuit protection,True
645,206,A,Control requirements,False
645,206,B,Rollback procedures,False
645,206,C,Functional requirements documentation,False
645,206,D,User acceptance lest (UAT) results,True
646,206,A,The system is hosted on an external third-party service provider’s server.,False
646,206,B,The system is hosted in a hybrid-cloud platform managed by a service provider.,False
646,206,C,The system is hosted within a demilitarized zone (DMZ) of a corporate network.,False
646,206,D,The system is hosted within an internal segment of a corporate network.,True
647,206,A,Monitoring access rights on a regular basis,False
647,206,B,Referencing a standard user-access matrix,False
647,206,C,Granting user access using a role-based model,True
647,206,D,Correcting the segregation of duties conflicts,False
648,206,A,IT governance frameworks,False
648,206,B,Benchmarking surveys,True
648,206,C,Utilization reports,False
648,206,D,Balanced scorecard,False
649,206,A,Performance audit,False
649,206,B,Integrated audit,True
649,206,C,Cyber audit,False
649,206,D,Financial audit,False
650,206,A,Visitors are escorted by an authorized employee,True
650,206,B,Pre-approval of entry requests,False
650,206,C,Visitors sign in at the front desk upon arrival,False
650,206,D,Closed-circuit television (CCTV) is used to monitor the facilities,False
651,206,A,Make recommendations to IS management as to appropriate quality standards,False
651,206,B,Postpone the audit until IS management implements written standards,False
651,206,C,Document and lest compliance with the informal standards,True
651,206,D,Finalize the audit and report the finding,False
652,206,A,track software updates.,False
652,206,B,define baselines for software.,True
652,206,C,support the release procedure.,False
652,206,D,standardize change approval.,False
653,206,A,feasibility study,False
653,206,B,business case,True
653,206,C,request for proposal (RFP),False
653,206,D,alignment with IT strategy,False
654,206,A,Enable automatic encryption decryption and electronic signing of data files,False
654,206,B,implement software to perform automatic reconciliations of data between systems,False
654,206,C,Have coders perform manual reconciliation of data between systems,False
654,206,D,Automate the transfer of data between systems as much as feasible,True
655,206,A,unit testing,False
655,206,B,Network performance,False
655,206,C,User acceptance testing (UAT),False
655,206,D,Regression testing,True
656,206,A,When planning an audit engagement,True
656,206,B,When gathering information for the fieldwork,False
656,206,C,When a violation of a regulatory requirement has been identified,False
656,206,D,When evaluating representations from the auditee,False
657,206,A,Detective,False
657,206,B,Compensating,False
657,206,C,Corrective,False
657,206,D,Directive,True
658,206,A,"Implement an intrusion detection system (IDS),",False
658,206,B,Update security policies and procedures.,False
658,206,C,Implement multi-factor authentication.,True
658,206,D,Utilize strong anti-malware controls on all computing devices.,False
659,206,A,Time lag between changes to the configuration and the update of records,False
659,206,B,Number of system software changes,False
659,206,C,Time lag between changes and updates of documentation materials,False
659,206,D,Number of incidents resulting from changes,True
660,206,A,The minutes from the IT strategy committee meetings,False
660,206,B,Synchronization of IT activities with corporate objectives,True
660,206,C,The IT strategy committee charier,False
660,206,D,Business unit satisfaction survey results,False
661,206,A,Report the variance immediately to the audit committee,False
661,206,B,Request an explanation of the variance from the auditee,True
661,206,C,Increase the sample size to 100% of the population,False
661,206,D,Exclude the transaction from the sample population,False
662,206,A,Enforce a secure tunnel connection.,False
662,206,B,Enhance internal firewalls.,False
662,206,C,Set up a demilitarized zone (DMZ).,True
662,206,D,Implement a secure protocol.,False
663,206,A,A business impact analysis (BIA) has not been performed,True
663,206,B,Business data is not sanitized in the development environment,False
663,206,C,There is no plan for monitoring system downtime,False
663,206,D,The process owner has not signed off on user acceptance testing (UAT),False
664,206,A,"The recovery time objective (RTO) has a longer duration than documented in the
disaster recovery plan (ORP).",True
664,206,B,The SLA has not been reviewed in more than a year.,False
664,206,C,Backup data is hosted online only.,False
664,206,D,"The recovery point objective (RPO) has a shorter duration than documented in the
disaster recovery plan (DRP).",False
665,206,A,Allocate audit resources.,False
665,206,B,Prioritize risks.,False
665,206,C,Review prior audit reports.,False
665,206,D,Determine the audit universe.,True
666,206,A,Review the third party's monitoring logs and incident handling,False
666,206,B,Review the roles and responsibilities of the third-party provider,True
666,206,C,Evaluate the organization's third-party monitoring process,False
666,206,D,Determine if the organization has a secure connection to the provider,False
667,206,A,Require employees to utilize passwords on personal devices,False
667,206,B,Prohibit employees from storing company email on personal devices,False
667,206,C,Ensure antivirus protection is installed on personal devices,False
667,206,D,Implement an email containerization solution on personal devices,True
668,206,A,Iris recognition,False
668,206,B,Fingerprint scanning,True
668,206,C,Face recognition,False
668,206,D,Retina scanning,False
669,206,A,educate functional areas on risks and controls.,True
669,206,B,ensure appropriate access controls are implemented.,False
669,206,C,eliminate the audit risk by leveraging management's analysis.,False
669,206,D,gain assurance for business functions that cannot be audited.,False
670,206,A,Ensuring standards are adhered to within the development process,False
670,206,B,Ensuring the test work supports observations,False
670,206,C,Updating development methodology,False
670,206,D,Implementing solutions to correct defects,True
671,206,A,Installing security cameras at the doors,False
671,206,B,Changing to a biometric access control system,False
671,206,C,Implementing a monitored mantrap at entrance and exit points,True
671,206,D,Requiring two-factor authentication at entrance and exit points,False
672,206,A,Metrics for the project have been selected before the project begins.,True
672,206,B,"Project budget includes costs to execute the project and costs associated with the
solution.",False
672,206,C,Estimates of business benefits are backed by similar previously completed projects.,False
672,206,D,Metrics are evaluated immediately after the project has been implemented.,False
673,206,A,Implementing stage gates,False
673,206,B,Establishing a quality assurance (QA) process,False
673,206,C,Aligning projects with business portfolios,True
673,206,D,Tracking key project milestones,False
674,206,A,Discovery sampling,True
674,206,B,Variable sampling,False
674,206,C,Stop-or-go sampling,False
674,206,D,Judgmental sampling,False
675,206,A,The audit program does not involve periodic engagement with external assessors.,True
675,206,B,Quarterly reports are not distributed to the audit committee.,False
675,206,C,Results of corrective actions are not tracked consistently.,False
675,206,D,Substantive testing is not performed during the assessment phase of some audits.,False
676,206,A,Maximum tolerable downtime (MTD),False
676,206,B,Recovery time objective (RTO),True
676,206,C,Recovery point objective (RPO),False
676,206,D,Mean time to repair (MTTR),False
677,206,A,"Reviewing decisions on how business processes should be conducted in the new
system",False
677,206,B,Completing data cleanup in the current database to eliminate inconsistencies,False
677,206,C,Understanding the new system's data structure,True
677,206,D,Creating data conversion scripts,False
678,206,A,Determine service level requirements.,False
678,206,B,Complete a risk assessment.,True
678,206,C,Perform a business impact analysis (BIA),False
678,206,D,Conduct a vendor audit.,False
679,206,A,The auditor implemented a specific control during the development of the system.,True
679,206,B,The auditor provided advice concerning best practices.,False
679,206,C,"The auditor participated as a member of the project team without operational
responsibilities",False
679,206,D,The auditor designed an embedded audit module exclusively for audit,False
680,206,A,How to respond to various types of suspicious activity,True
680,206,B,The importance of complex passwords,False
680,206,C,Descriptions of the organization's security infrastructure,False
680,206,D,Contact information for the organization's security team,False
681,206,A,Source code review,False
681,206,B,Parallel simulation using audit software,True
681,206,C,Manual verification of a sample of the results,False
681,206,D,Review of the quality assurance (QA) test results,False
682,206,A,Confirm the BCP has been recently updated.,False
682,206,B,Review the effectiveness of the business response.,True
682,206,C,Raise an audit issue for the lack of simulated testing.,False
682,206,D,Interview staff members to obtain commentary on the BCP's effectiveness.,False
683,206,A,Sending a copy of the transaction logs to offsite storage on a daily basis,True
683,206,B,Storing a copy of the transaction logs onsite in a fireproof vault,False
683,206,C,Encrypting a copy of the transaction logs and store on a local server,False
683,206,D,Signing a copy of the transaction logs and store on a local server,False
684,206,A,Reviewing emergency changes to data,False
684,206,B,Authorizing application code changes,False
684,206,C,Determining appropriate user access levels,True
684,206,D,Implementing access rules over database tables,False
685,206,A,Hash totals,False
685,206,B,Online review of description,False
685,206,C,Comparison to historical order pattern,False
685,206,D,Self-checking digit,True
686,206,A,System interface testing,False
686,206,B,user acceptance testing (IJAT),False
686,206,C,Validation checks,True
686,206,D,Audit logs,False
687,206,A,Periodic audits,False
687,206,B,File counts,False
687,206,C,File checksums,True
687,206,D,IT operator monitoring,False
688,206,A,Information security officer,False
688,206,B,Database administrator (DBA),False
688,206,C,Information owner,True
688,206,D,Data architect,False
689,206,A,To collect digital evidence of cyberattacks,False
689,206,B,To attract attackers in order to study their behavior,True
689,206,C,To provide training to security managers,False
689,206,D,To test the intrusion detection system (IDS),False
690,206,A,Audit staff interviews,False
690,206,B,Quality control reviews,True
690,206,C,Control self-assessments (CSAs),False
690,206,D,Corrective action plans,False
691,206,A,Verify whether IT management monitors the effectiveness of the environment.,False
691,206,B,Verify whether a right-to-audit clause exists.,True
691,206,C,Verify whether a third-party security attestation exists.,False
691,206,D,Verify whether service level agreements (SLAs) are defined and monitored.,False
692,206,A,optimize investments in IT.,True
692,206,B,create risk awareness across business units.,False
692,206,C,increase involvement of senior management in IT.,False
692,206,D,monitor the effectiveness of IT.,False
693,206,A,eliminate the risk of concurrent updates to a record,True
693,206,B,allow database administrators (DBAs) to record the activities of users.,False
693,206,C,restrict users from changing certain values within records.,False
693,206,D,allow users to lock others out of their files.,False
694,206,A,Virtual firewall,False
694,206,B,Proxy server,False
694,206,C,Load balancer,True
694,206,D,Virtual private network (VPN),False
695,206,A,HTTP server error rate,False
695,206,B,Server thread count,False
695,206,C,Average response time,True
695,206,D,Server uptime,False
696,206,A,Continuous monitoring,True
696,206,B,Control self-assessments (CSAs),False
696,206,C,Risk assessments,False
696,206,D,Stop-or-go sampling,False
697,206,A,"Access to change testing strategy and results is not restricted to staff outside the IT
team.",False
697,206,B,Some user acceptance testing (IJAT) was completed by members of the IT team.,False
697,206,C,IT administrators have access to the production and development environment,False
697,206,D,Post-implementation testing is not conducted for all system releases.,True
698,206,A,To prevent confidential data loss,False
698,206,B,To comply with legal and regulatory requirements,True
698,206,C,To identify data at rest and data in transit for encryption,False
698,206,D,To provide options to individuals regarding use of their data,False
699,206,A,Categorize and prioritize data.,False
699,206,B,Develop data process maps.,False
699,206,C,Categorize information by owner.,False
699,206,D,Develop a policy.,True
700,206,A,Harden IT system and application components based on best practices.,False
700,206,B,"Incorporate a security information and event management (SIEM) system into incident
response",False
700,206,C,Implement a survey to determine future incident response training needs.,False
700,206,D,Introduce problem management into incident response.,True
701,206,A,Lower start-up costs,True
701,206,B,Reduced risk of system downtime,False
701,206,C,Direct oversight of risks,False
701,206,D,Increased ability to adapt the system,False
702,206,A,Review remediation reports,False
702,206,B,Establish control objectives.,True
702,206,C,Assess the threat landscape.,False
702,206,D,Perform penetration testing.,False
703,206,A,The method relies exclusively on the use of public key infrastructure (PKI).,False
703,206,B,The method relies exclusively on the use of digital signatures.,False
703,206,C,The method relies exclusively on the use of asymmetric encryption algorithms.,True
703,206,D,The method relies exclusively on the use of 128-bit encryption.,False
704,206,A,Ensuring the scope of penetration testing is restricted to the test environment,False
704,206,B,Obtaining management's consent to the testing scope in writing,True
704,206,C,Notifying the IT security department regarding the testing scope,False
704,206,D,Agreeing on systems to be excluded from the testing scope with the IT department,False
705,206,A,Denial of service (DOS),False
705,206,B,SQL injection,True
705,206,C,Phishing attacks,False
705,206,D,Rootkits,False
706,206,A,Hashing in-scope data sets,True
706,206,B,Encrypting in-scope data sets,False
706,206,C,Running and comparing the count function within the in-scope data sets,False
706,206,D,Hosting a digital certificate for in-scope data sets,False
707,206,A,"Prioritize the audit to focus on the country presenting the greatest amount of operational
risk.",False
707,206,B,Follow the cybersecurity regulations of the country with the most stringent requirements.,False
707,206,C,"Develop a template that standardizes the reporting of findings from each country's audit
team",False
707,206,D,"Map the different regulatory requirements to the organization's IT governance
framework",True
708,206,A,Potential for inaccurate audit findings,False
708,206,B,Compromise of IS audit independence,True
708,206,C,IS audit resources being shared with other IT functions,False
708,206,D,IS audit being isolated from other audit functions,False
709,206,A,Alignment of information security with IT objectives,False
709,206,B,Management’s commitment to information security,True
709,206,C,Integration of business and information security,False
709,206,D,User accountability for information security,False
710,206,A,Support,True
710,206,B,Performance,False
710,206,C,Confidentiality,False
710,206,D,Usability,False
711,206,A,Source code version control,False
711,206,B,Project change management controls,True
711,206,C,Existence of an architecture review board,False
711,206,D,Configuration management,False
712,206,A,Suspend contracts with third-party providers that handle sensitive data.,False
712,206,B,Prioritize contract amendments for third-party providers.,True
712,206,C,Review privacy requirements when contracts come up for renewal.,False
712,206,D,Require third-party providers to sign nondisclosure agreements (NDAs).,False
713,206,A,Identify existing mitigating controls.,True
713,206,B,Disclose the findings to senior management.,False
713,206,C,Assist in drafting corrective actions.,False
713,206,D,Attempt to exploit the weakness.,False
714,206,A,Find an alternative provider in the bank's home country.,False
714,206,B,Ensure the provider's internal control system meets bank requirements.,False
714,206,C,"Proceed as intended, as the provider has to observe all laws of the clients’ countries.",True
714,206,D,Ensure the provider has disaster recovery capability.,False
715,206,A,Onsite disk-based backup systems,False
715,206,B,Tape-based backup systems,False
715,206,C,Virtual tape library,True
715,206,D,Redundant array of independent disks (RAID),False
716,206,A,The business case reflects stakeholder requirements.,True
716,206,B,The business case is based on a proven methodology.,False
716,206,C,The business case passed a quality review by an independent party.,False
716,206,D,The business case identifies specific plans for cost allocation.,False
717,206,A,Systems design and architecture,False
717,206,B,Software selection and acquisition,False
717,206,C,User acceptance testing (UAT),False
717,206,D,Requirements definition,True
718,206,A,Compliance testing,False
718,206,B,Stop-or-go sampling,False
718,206,C,Substantive testing,True
718,206,D,Variable sampling,False
719,206,A,Lack of ongoing maintenance costs,True
719,206,B,Lack of training materials,False
719,206,C,Lack of plan for pilot implementation,False
719,206,D,Lack of detailed work breakdown structure,False
720,206,A,an IT strategy committee has not been created,False
720,206,B,the plan does not support relevant organizational goals.,True
720,206,C,there are no key performance indicators (KPls).,False
720,206,D,the plan was not formally approved by the board of directors,False
721,206,A,The data center is patrolled by a security guard.,False
721,206,B,Access to the data center is monitored by video cameras.,False
721,206,C,ID badges must be displayed before access is granted,False
721,206,D,Access to the data center is controlled by a mantrap.,True
722,206,A,Documentation of exit routines,False
722,206,B,System initialization logs,False
722,206,C,Change control log,True
722,206,D,Security system parameters,False
723,206,A,Establish the timing of testing.,False
723,206,B,Identify milestones.,False
723,206,C,Determine the test reporting,False
723,206,D,Establish the rules of engagement.,True
724,206,A,Software developers may adopt inappropriate technology.,False
724,206,B,"Project managers may accept technology risks exceeding the organization's risk
appetite.",False
724,206,C,Key decision-making entities for technology risk have not been identified,True
724,206,D,There is no clear approval entity for organizational security standards.,False
725,206,A,Review data classification levels based on industry best practice,False
725,206,B,Verify that current DLP software is installed on all computer systems.,False
725,206,C,Conduct interviews to identify possible data protection vulnerabilities.,False
725,206,D,Verify that confidential files cannot be transmitted to a personal USB device.,True
726,206,A,Preventive,True
726,206,B,Deterrent,False
726,206,C,Corrective,False
726,206,D,Detective,False
727,206,A,adequate measurement of key risk indicators (KRIS),False
727,206,B,Inadequate alignment of IT plans and business objectives,True
727,206,C,Inadequate business impact analysis (BIA) results and predictions,False
727,206,D,Inadequate measurement of key performance indicators (KPls),False
728,206,A,Multiple connects to the database are used and slow the process_,False
728,206,B,User accounts may remain active after a termination.,False
728,206,C,Users may be able to circumvent application controls.,True
728,206,D,Application may not capture a complete audit trail.,False
729,206,A,Reviewing and assisting with IT strategy integration efforts,True
729,206,B,Developing and assessing the IT security strategy,False
729,206,C,Implementing processes to integrate security with business objectives,False
729,206,D,Developing and implementing the secure system development framework,False
730,206,A,Periodic reporting of cybersecurity incidents to key stakeholders,False
730,206,B,Periodic update of incident response process documentation,False
730,206,C,Periodic cybersecurity training for staff involved in incident response,False
730,206,D,Periodic tabletop exercises involving key stakeholders,True
731,206,A,Assigning the audit to independent external auditors,False
731,206,B,Reviewing previous findings reported by the application owner,False
731,206,C,Identifying common coding errors made by the development team,False
731,206,D,Involving the application owner early in the audit planning process,True
732,206,A,Visitors are required to be escorted by authorized personnel.,True
732,206,B,Visitors are required to use biometric authentication.,False
732,206,C,Visitors are monitored online by security cameras,False
732,206,D,Visitors are required to enter through dead-man doors.,False
733,206,A,The scanning will be performed during non-peak hours.,False
733,206,B,The scanning will be followed by penetration testing.,True
733,206,C,The scanning will be cost-effective.,False
733,206,D,The scanning will not degrade system performance.,False
734,206,A,Management's commitment to information security,True
734,206,B,User accountability for information security,False
734,206,C,Alignment of information security with IT objectives,False
734,206,D,Integration of business and information security,False
735,206,A,Require that a change request be completed and approved,False
735,206,B,Give the programmer an emergency ID for temporary access and review the activity,True
735,206,C,Give the programmer read-only access to investigate the problem,False
735,206,D,Review activity logs the following day and investigate any suspicious activity,False
736,206,A,Attempt to submit new account applications with invalid dates of birth.,False
736,206,B,Review the business requirements document for date of birth field requirements.,False
736,206,C,Review new account applications submitted in the past month for invalid dates of birth.,True
736,206,D,Evaluate configuration settings for the date of birth field requirements,False
737,206,A,Comparison of object and executable code,False
737,206,B,Review of audit trail of compile dates,False
737,206,C,Comparison of date stamping of source and object code,True
737,206,D,Review of developer comments in executable code,False
738,206,A,Cameras are not monitored 24/7.,False
738,206,B,There are no notices indicating recording IS in progress.,True
738,206,C,The retention period for video recordings is undefined,False
738,206,D,There are no backups of the videos.,False
739,206,A,Analyzing the root cause of the outage to ensure the incident will not reoccur,False
739,206,B,Restoring the system to operational state as quickly as possible,True
739,206,C,Ensuring all resolution steps are fully documented prior to returning thesystem to service,False
739,206,D,Rolling back the unsuccessful change to the previous state,False
740,206,A,To improve traceability,True
740,206,B,To prevent piggybacking,False
740,206,C,To implement multi-factor authentication,False
740,206,D,To reduce maintenance costs,False
741,206,A,Demilitarized zone (DMZ),False
741,206,B,Heuristic intrusion detection system (IDS),True
741,206,C,Real-time updating of antivirus software,False
741,206,D,Signature-based intrusion detection system (IDS),False
742,206,A,greater consistency across the organization.,True
742,206,B,a synthesis of existing operational policies.,False
742,206,C,a more comprehensive risk assessment plan.,False
742,206,D,greater adherence to best practices.,False
743,206,A,Overwriting multiple times,True
743,206,B,Encrypting the disk,False
743,206,C,Reformatting,False
743,206,D,Deleting files sequentially,False
744,206,A,review data against data classification standards.,False
744,206,B,outsource data cleansing to skilled service providers.,False
744,206,C,consolidate data stored across separate databases into a warehouse.,False
744,206,D,analyze the data against predefined specifications.,True
745,206,A,when drafting the report.,False
745,206,B,during fieldwork.,True
745,206,C,at the end of fieldwork.,False
745,206,D,within the audit report,False
746,206,A,The added functionality has not been documented.,False
746,206,B,The new functionality may not meet requirements.,True
746,206,C,The project may fail to meet the established deadline.,False
746,206,D,The project may go over budget.,False
747,206,A,Validate the audit observations_,True
747,206,B,Identify business risks associated with the observations.,False
747,206,C,Assist the management with control enhancements.,False
747,206,D,Record the proposed course of corrective action.,False
748,206,A,"Administrator passwords do not meet organizational security and complexity
requirements.",False
748,206,B,The number of support staff responsible for job scheduling has been reduced.,False
748,206,C,The scheduling tool was not classified as business-critical by the IT department.,False
748,206,D,Maintenance patches and the latest enhancement upgrades are missing.,True
749,206,A,Encrypt the disk drive.,True
749,206,B,Require two-factor authentication,False
749,206,C,Enhance physical security,False
749,206,D,Require the use of cable locks,False
750,206,A,Configuration management database (CMDB),False
750,206,B,Enterprise architecture (EA),True
750,206,C,IT portfolio management,False
750,206,D,IT service management,False
751,206,A,Bank confirmation,False
751,206,B,Goods delivery notification,False
751,206,C,Purchase requisition,False
751,206,D,Purchase order,True
752,206,A,Document the findings in the audit report.,False
752,206,B,Identify who approved the policies.,False
752,206,C,Escalate the situation to the lead auditor.,False
752,206,D,Communicate the observation to the auditee.,True
753,206,A,"Determine whether the business impact analysis (BIA) is current with the organization's
structure and context.",True
753,206,B,Determine the types of technologies used at the plant and how they may affect the BCP.,False
753,206,C,Perform testing to determine the impact to the recovery time objective (R TO).,False
753,206,D,Assess the risk to operations from the closing of the plant.,False
754,206,A,"It increases an organization's ability to retain staff who prefer to work with new
technology.",False
754,206,B,It improves vendor support and training.,False
754,206,C,It enhances security and confidentiality.,False
754,206,D,It enables an organization to gain familiarity with new products and their functionality.,True
755,206,A,Encrypting and destroying keys,False
755,206,B,Machine shredding,True
755,206,C,Software formatting,False
755,206,D,Wiping and rewriting three times,False
756,206,A,Model-based design notations,False
756,206,B,Balanced scorecard,False
756,206,C,Capability maturity models,True
756,206,D,Project management methodologies,False
757,206,A,Interview the application developer.,False
757,206,B,Obtain management attestation and sign-off.,False
757,206,C,Review the application implementation documents.,True
757,206,D,Review system configuration parameters and output.,False
758,206,A,There is no change management process defined in the contract.,False
758,206,B,There are no procedures for incident escalation.,False
758,206,C,There is no dispute resolution process defined in the contract.,False
758,206,D,There is no right-to-audit clause defined in the contract.,True
759,206,A,Data may be inaccurate.,True
759,206,B,Reports may not work efficiently.,False
759,206,C,Reports may not be timely.,False
759,206,D,Historical data may not be available.,False
760,206,A,Detective control,False
760,206,B,Preventive control,True
760,206,C,Directive control,False
760,206,D,Corrective control,False
761,206,A,Hardware configurations,False
761,206,B,Access control requirements,True
761,206,C,Help desk availability,False
761,206,D,Perimeter network security diagram,False
762,206,A,Revisit the IT strategic plan.,False
762,206,B,Implement project portfolio management.,True
762,206,C,Implement an integrated resource management system.,False
762,206,D,Implement a comprehensive project scorecard.,False
763,206,A,It is under control of the receiver.,False
763,206,B,It is capable of authorization.,False
763,206,C,It dynamically validates modifications of data.,False
763,206,D,It is unique to the sender using it.,True
764,206,A,Performance feedback from the user community,False
764,206,B,Contract with the server vendor,False
764,206,C,Server CPU usage trends,True
764,206,D,Mean time between failure (MTBF) of each server,False
765,206,A,Compliance costs are reduced.,False
765,206,B,Risks are detected earlier.,True
765,206,C,Business owners can focus more on their core roles.,False
765,206,D,Line management is more motivated to avoid control exceptions.,False
766,206,A,Continuous network monitoring,True
766,206,B,Periodic network vulnerability assessments,False
766,206,C,Review of electronic access logs,False
766,206,D,Physical security reviews,False
767,206,A,System administrators should ensure consistency of assigned rights.,False
767,206,B,IT security should regularly revoke excessive system rights.,False
767,206,C,Human resources (HR) should delete access rights of terminated employees.,False
767,206,D,Line management should regularly review and request modification of access rights,True
768,206,A,Requiring all users to encrypt documents before sending,False
768,206,B,Installing firewalls on the corporate network,False
768,206,C,Reporting all outgoing emails that are marked as confidential,False
768,206,D,Monitoring all emails based on pre-defined criteria,True
769,206,A,The message is encrypted using a symmetric algorithm.,False
769,206,B,The message is sent using Transport Layer Security (TLS) protocol.,False
769,206,C,The message is sent along with an encrypted hash of the message.,True
769,206,D,The message is encrypted using the private key of the sender.,False
770,206,A,Overviews of interviews between data center personnel and the auditor,False
770,206,B,Prior audit reports involving other corporate disaster recovery audits,False
770,206,C,Summary memos reflecting audit opinions regarding noted weaknesses,False
770,206,D,Detailed evidence of the successes and weaknesses of all contingency testing,True
771,206,A,Review the list of end users and evaluate for authorization.,False
771,206,B,Report this control process weakness to senior management.,True
771,206,C,Verify managements approval for this exemption,False
771,206,D,Obtain a verbal confirmation from IT for this exemption.,False
772,206,A,Undocumented code formats data and transmits directly to the database.,True
772,206,B,"There is not a complete inventory of spreadsheets, and file naming is inconsistent.",False
772,206,C,The department data protection policy has not been reviewed or updated for two years.,False
772,206,D,Spreadsheets are accessible by all members of the finance department.,False
773,206,A,posting to the wrong record.,False
773,206,B,incomplete processing.,True
773,206,C,improper backup.,False
773,206,D,improper authorization.,False
774,206,A,a comparison of future needs against current capabilities.,False
774,206,B,a risk-based ranking of projects.,False
774,206,C,enterprise architecture (EA) impacts.,True
774,206,D,IT budgets linked to the organization's budget.,False
775,206,A,reduce the impact of an adverse event on information assets.,True
775,206,B,increase the effectiveness of preventive controls.,False
775,206,C,reduce the maximum tolerable downtime (MTD) of impacted systems.,False
775,206,D,increase awareness of impacts from adverse events to IT systems.,False
776,206,A,Perform periodic reconciliations.,True
776,206,B,Ensure system owner sign-off for the system fix.,False
776,206,C,Conduct functional testing.,False
776,206,D,Improve user acceptance testing (UAT).,False
777,206,A,validate the incident.,True
777,206,B,notify the head of the IT department.,False
777,206,C,isolate systems impacted by the incident.,False
777,206,D,initiate root cause analysis.,False
778,206,A,Audit trails,True
778,206,B,Control totals,False
778,206,C,Reconciliations,False
778,206,D,Change logs,False
779,206,A,eliminated,False
779,206,B,unchanged,True
779,206,C,increased,False
779,206,D,reduced,False
780,206,A,Differential backup,False
780,206,B,Full backup,False
780,206,C,Incremental backup,False
780,206,D,Mirror backup,True
781,206,A,Benchmark organizational performance against industry peers,False
781,206,B,Implement key performance indicators (KPIs).,False
781,206,C,Require executive management to draft IT strategy,True
781,206,D,Implement annual third-party audits.,False
782,206,A,Deluge system,False
782,206,B,Wet pipe system,False
782,206,C,Preaction system,False
782,206,D,CO2 system,True
783,206,A,Implementation plan for restricting the collection of personal information,False
783,206,B,Privacy legislation in other countries that may contain similar requirements,False
783,206,C,Operational plan for achieving compliance with the legislation,False
783,206,D,Analysis of systems that contain privacy components,True
784,206,A,Progress updates indicate that the implementation of agreed actions is on track.,False
784,206,B,"Sufficient time has elapsed since implementation to provide evidence of control
operation.",True
784,206,C,"Business management has completed the implementation of agreed actions on
schedule.",False
784,206,D,Regulators have announced a timeline for an inspection visit.,False
785,206,A,Vulnerability to threats,False
785,206,B,Existing controls,False
785,206,C,Information assets,True
785,206,D,Legal requirements,False
786,206,A,Penetration testing,False
786,206,B,Application security testing,False
786,206,C,Forensic audit,True
786,206,D,Server security audit,False
787,206,A,"Enforce approval prior to deployment by a member of the team who has not taken part
in the development.",True
787,206,B,"The DevOps team provides an annual policy acknowledgment that they did not develop
and deploy the same code.",False
787,206,C,"Annual training reinforces the need to maintain segregation between developers and
deployers of code",False
787,206,D,"The IT compliance manager performs weekly reviews to ensure the same person did not
develop and deploy code.",False
788,206,A,Enabling remote data destruction capabilities,False
788,206,B,Implementing mobile device management (MDM),True
788,206,C,Disabling unnecessary network connectivity options,False
788,206,D,Requiring security awareness training for mobile users,False
789,206,A,"Perform a skills assessment to identify members from other business units with

knowledge of Al.",False
789,206,B,Remove the Al portion from the audit scope and proceed with the audit.,False
789,206,C,Delay the audit until the team receives training on Al.,False
789,206,D,Engage external consultants who have audit experience and knowledge of Al.,True
790,206,A,structured query language (SQL) injection,True
790,206,B,buffer overflow.,False
790,206,C,denial of service (DoS).,False
790,206,D,phishing.,False
791,206,A,Lack of data retention policy,False
791,206,B,Multi-tenancy within the same database,True
791,206,C,Lack of role-based access,False
791,206,D,Expiration of security certificate,False
792,206,A,The project manager will have to be replaced.,False
792,206,B,The project reporting to the board of directors will be incomplete.,False
792,206,C,The project steering committee cannot provide effective governance.,True
792,206,D,The project will not withstand a quality assurance (QA) review.,False
793,206,A,Target architecture is defined at a technical level.,False
793,206,B,The previous year's IT strategic goals were not achieved.,False
793,206,C,Strategic IT goals are derived solely from the latest market trends.,True
793,206,D,Financial estimates of new initiatives are disclosed within the document.,False
794,206,A,Risk policies,True
794,206,B,Risk assessments,False
794,206,C,Prior audit reports,False
794,206,D,Management assertion,False
795,206,A,define service level requirements.,False
795,206,B,perform a vulnerability assessment.,False
795,206,C,conduct a cost-benefit analysis.,True
795,206,D,issue a request for proposal (RFP).,False
796,206,A,risk manager.,False
796,206,B,database administrator (DBA).,False
796,206,C,privacy manager.,False
796,206,D,business owner.,True
797,206,A,Recipient's public key,True
797,206,B,Sender's private key,False
797,206,C,Sender's public key,False
797,206,D,Recipient's private key,False
798,206,A,Requiring users to save files in secured folders instead of a company-wide shared drive,False
798,206,B,Reviewing data transfer logs to determine historical patterns of data flow,False
798,206,C,Developing a DLP policy and requiring signed acknowledgment by users,False
798,206,D,Identifying where existing data resides and establishing a data classification matrix,True
799,206,A,Critical business applications,False
799,206,B,Business processes,True
799,206,C,Existing IT controls,False
799,206,D,Recent audit results,False
800,206,A,To determine data retention policy,False
800,206,B,To implement data protection requirements,True
800,206,C,To comply with the organization's data policies,False
800,206,D,To follow industry best practices,False
801,206,A,A robust tabletop exercise plan,False
801,206,B,A comprehensive asset inventory,True
801,206,C,A tested incident response plan,False
801,206,D,An approved patching policy,False
802,206,A,test environment with production workloads.,True
802,206,B,test environment with test data.,False
802,206,C,production environment with production workloads.,False
802,206,D,production environment with test data.,False
803,206,A,Perform correlation analysis between incidents and investments.,False
803,206,B,Downgrade security controls on low-risk systems.,False
803,206,C,Introduce automated security monitoring tools.,False
803,206,D,Re-evaluate the organization's risk and control framework.,True
804,206,A,Implement security awareness training.,False
804,206,B,Install vendor patches,True
804,206,C,Review hardware vendor contracts.,False
804,206,D,Review security log incidents.,False
805,206,A,Confidentiality and data protection clauses,False
805,206,B,Service level agreement (SLA),False
805,206,C,Software escrow agreement,True
805,206,D,Right-to-audit clause,False
806,206,A,Performing a cyber resilience test,False
806,206,B,Performing a full interruption test,True
806,206,C,Performing a tabletop test,False
806,206,D,Performing a parallel test,False
807,206,A,Map data classification controls to data sets.,False
807,206,B,"Control access to extract, transform, and load (ETL) tools.",False
807,206,C,Conduct a data discovery exercise across all business applications.,False
807,206,D,Implement classification labels in metadata during data creation.,True
808,206,A,Results of third-party social engineering tests,False
808,206,B,Employee satisfaction with training,False
808,206,C,Increased number of employees completing training,False
808,206,D,Reduced unintentional violations,True
809,206,A,recommend a control to automatically update access rights.,False
809,206,B,determine the reason why access rights have not been revoked.,True
809,206,C,direct management to revoke current access rights.,False
809,206,D,determine if access rights are in violation of software licenses.,False
810,206,A,Adding the developers to the change approval board,False
810,206,B,A small number of people have access to deploy code,False
810,206,C,Post-implementation change review,True
810,206,D,Creation of staging environments,False
811,206,A,perform a post-implementation review-,False
811,206,B,analyze load testing results.,False
811,206,C,perform a secure code review.,False
811,206,D,review acceptance testing results.,True
812,206,A,"Transfer the assignment to a different audit manager despite lack of IT project
management experience.",False
812,206,B,Outsource the audit to independent and qualified resources.,True
812,206,C,Manage the audit since there is no one else with the appropriate experience.,False
812,206,D,"Have a senior IS auditor manage the project with the IS audit manager performing final
review.",False
813,206,A,The recovery plan does not contain the process and application dependencies.,True
813,206,B,The duration of tabletop exercises is longer than the recovery point objective (RPO).,False
813,206,C,The duration of tabletop exercises is longer than the recovery time objective (RTO).,False
813,206,D,"The recovery point objective (RPO) and recovery time objective (R TO) are not the
same.",False
814,206,A,"Any information assets transmitted over a public network must be approved by
executive management.",False
814,206,B,All information assets must be encrypted when stored on the organization's systems.,True
814,206,C,Information assets should only be accessed by persons with a justified need.,False
814,206,D,"All information assets will be assigned a clearly defined level to facilitate proper
employee handling.",False
815,206,A,require design reviews at appropriate points in the life cycle.,False
815,206,B,have an IS auditor participate on the steering committee.,False
815,206,C,have an IS auditor participate on the quality assurance (QA) team.,False
815,206,D,conduct compliance audits at major system milestones.,True
816,206,A,integrated test facility (ITF).,False
816,206,B,parallel simulation.,False
816,206,C,transaction tagging.,True
816,206,D,embedded audit modules.,False
817,206,A,Training personnel are information security professionals.,False
817,206,B,Outcome metrics for the program are established.,True
817,206,C,Security threat scenarios are included in the program content.,False
817,206,D,Phishing exercises are conducted post-training,False
818,206,A,After a full processing cycle,True
818,206,B,Immediately after deployment,False
818,206,C,After the warranty period,False
818,206,D,Prior to the annual performance review,False
819,206,A,It demonstrates the maturity of the incident response program.,False
819,206,B,It reduces the likelihood of an incident occurring.,False
819,206,C,It identifies deficiencies in the operating environment.,False
819,206,D,It increases confidence in the team's response readiness.,True
820,206,A,Variable sampling,False
820,206,B,Judgmental sampling,False
820,206,C,Stop-or-go sampling,False
820,206,D,Discovery sampling,True
821,206,A,A lessons-learned session was never conducted.,False
821,206,B,The projects 10% budget overrun was not reported to senior management.,False
821,206,C,Measurable benefits were not defined.,True
821,206,D,Monthly dashboards did not always contain deliverables.,False
822,206,A,Creating a chain of custody to accompany the drive in transit,False
822,206,B,Ensuring data protection is aligned with the data classification policy,False
822,206,C,Encrypting the drive with strong protection standards,True
822,206,D,Ensuring the drive is placed in a tamper-evident mechanism,False
823,206,A,User access rights have not been periodically reviewed by the client.,False
823,206,B,Payroll processing costs have not been included in the IT budget.,False
823,206,C,The third-party contract has not been reviewed by the legal department.,True
823,206,D,The third-party contract does not comply with the vendor management policy.,False
824,206,A,To establish a recovery point objective (RPO) for disaster recovery procedures,False
824,206,B,To limit the liability associated with storing and protecting information,True
824,206,C,To document business objectives for processing data within the organization,False
824,206,D,To assign responsibility and ownership for data protection outside IT,False
825,206,A,privacy,True
825,206,B,Maintainability,False
825,206,C,Scalability,False
825,206,D,Nonrepudiation,False
826,206,A,Inherent,False
826,206,B,Residual,False
826,206,C,Control,False
826,206,D,Detection,True
827,206,A,Embed details within source code.,False
827,206,B,Standardize file naming conventions.,False
827,206,C,Utilize automated version control.,True
827,206,D,Document details on a change register.,False
828,206,A,business unit initiatives.,False
828,206,B,balanced scorecards.,False
828,206,C,policies and standards.,False
828,206,D,organizational strategies.,True
829,206,A,Keeping log entries for all visitors to the building,False
829,206,B,Implementing a fingerprint-based access control system for the building,True
829,206,C,Installing closed-circuit television (CCTV) cameras for all ingress and egress points,False
829,206,D,"Implementing a centralized logging server to record instances of staff logging into
workstations",False
830,206,A,The contingency facility has the same badge access controls as the primary site.,False
830,206,B,"Both the contingency facility and the primary site have the same number of business
assets in their inventory.",False
830,206,C,The contingency facility is located a sufficient distance away from the primary site.,True
830,206,D,Both the contingency facility and the primary site are easily identifiable.,False
831,206,A,Introduce escalation protocols.,True
831,206,B,Develop a competency matrix.,False
831,206,C,Implement fallback options.,False
831,206,D,Enable an emergency access ID.,False
832,206,A,The organization's software inventory is not complete.,True
832,206,B,Applications frequently need to be rebooted for patches to take effect.,False
832,206,C,Software vendors are bundling patches.,False
832,206,D,Testing patches takes significant time.,False
833,206,A,Outsource low-risk audits to external audit service providers.,False
833,206,B,Conduct limited-scope audits of low-risk business entities.,False
833,206,C,Validate the low-risk entity ratings and apply professional judgment.,True
833,206,D,Challenge the risk rating and include the low-risk entities in the plan.,False
834,206,A,Lack of data for measuring compliance,False
834,206,B,Violation of industry standards,False
834,206,C,Noncompliance with documentation requirements,False
834,206,D,Lack of user accountability,True
835,206,A,Encrypt the extensible markup language (XML) file.,False
835,206,B,Implement Transport Layer Security (TLS).,True
835,206,C,Implement Simple Object Access Protocol (SOAP).,False
835,206,D,Mask the API endpoints.,False
836,206,A,Examine the workflow to identify gaps in asset-handling responsibilities.,True
836,206,B,Escalate the finding to the asset owner for remediation.,False
836,206,C,Recommend the drives be sent to the vendor for destruction.,False
836,206,D,Evaluate the corporate asset-handling policy for potential gaps.,False
837,206,A,Recovery point objective (RPO),False
837,206,B,Maximum allowable downtime (MAD),True
837,206,C,Mean time to restore (MTTR),False
837,206,D,Key performance indicators (KPls),False
838,206,A,Minutes from regular change management meetings with the vendor,False
838,206,B,Written assurances from the vendor's CEO and CIO,False
838,206,C,The results of a third-party review provided by the vendor,True
838,206,D,A copy of change management policies provided by the vendor,False
839,206,A,Strictly managed software requirements baselines,False
839,206,B,Extensive project documentation,False
839,206,C,Automated software programming routines,False
839,206,D,Rapidly created working prototypes,True
840,206,A,Regular updates of policies for the operation of the virtualized environment,False
840,206,B,Hardening for the hypervisor and guest machines,True
840,206,C,Redundancy of hardware resources and network components,False
840,206,D,Monitoring utilization of resources at the guest operating system level,False
841,206,A,Creating test data to facilitate the user acceptance testing (IJAT) process,False
841,206,B,Managing employee onboarding processes and background checks,False
841,206,C,Advising the steering committee on quality management issues and remediation efforts,False
841,206,D,Implementing procedures to facilitate adoption of quality management best practices,True
842,206,A,The total number of users requesting help desk services,False
842,206,B,The average call waiting time on each request,False
842,206,C,The percent of issues resolved by the first contact,True
842,206,D,The average turnaround time spent on each reported issue,False
843,206,A,Review exception reports,True
843,206,B,Review IT staffing schedules.,False
843,206,C,Analyze help desk ticket logs,False
843,206,D,Conduct IT management interviews,False
844,206,A,Version control issues,False
844,206,B,Reduced system performance,False
844,206,C,Inability to recover from cybersecurity attacks,True
844,206,D,Increase in IT investment cost,False
845,206,A,User accountability for information security,False
845,206,B,Management's commitment to information security,True
845,206,C,Integration of business and information security,False
845,206,D,Alignment of information security with IT objectives,False
846,206,A,Conduct a data inventory and classification exercise.,True
846,206,B,Identify approved data workflows across the enterprise_,False
846,206,C,Conduct a threat analysis against sensitive data usage.,False
846,206,D,Create the DLP policies and templates,False
847,206,A,The organization may be locked into an unfavorable contract with the vendor.,False
847,206,B,The vendor may be unable to restore critical data.,True
847,206,C,"The vendor may be unable to restore data by recovery time objective (RTO)
requirements.",False
847,206,D,The organization may not be allowed to inspect the vendor's data center.,False
848,206,A,Continuous auditing,True
848,206,B,Manual checks,False
848,206,C,Exception reporting,False
848,206,D,Automated reconciliations,False
849,206,A,Database clustering,False
849,206,B,Data caching,True
849,206,C,Reindexing of the database table,False
849,206,D,Load balancing,False
850,206,A,Version control software,False
850,206,B,Audit hooks,False
850,206,C,Utility software,False
850,206,D,Audit analytics tool,True
851,206,A,Team member assignments must be based on individual competencies,True
851,206,B,Technical co-sourcing must be used to help the new staff,False
851,206,C,"The standard is met as long as one member has a globally recognized audit
certification.",False
851,206,D,The standard is met as long as a supervisor reviews the new auditors' work,False
852,206,A,It helps to identify areas with a relatively high probability of material problems.,True
852,206,B,It provides a basis for the formulation of corrective action plans.,False
852,206,C,It increases awareness of the types of management actions that may be inappropriate,False
852,206,D,It helps to identify areas that are most sensitive to fraudulent or inaccurate practices,False
853,206,A,Patches are implemented in a test environment prior to rollout into production.,True
853,206,B,Network vulnerability scans are conducted after patches are implemented.,False
853,206,C,Vulnerability assessments are periodically conducted according to defined schedules.,False
853,206,D,Roles and responsibilities for implementing patches are defined,False
854,206,A,Identify repositories of unstructured data.,True
854,206,B,Purchase tools to analyze unstructured data.,False
854,206,C,Implement strong encryption for unstructured data.,False
854,206,D,Implement user access controls to unstructured data.,False
855,206,A,"Classifies documents to correctly reflect the level of sensitivity of information they
contain",True
855,206,B,"Defines the conditions under which documents containing sensitive information may be
transmitted",False
855,206,C,Classifies documents in accordance with industry standards and best practices,False
855,206,D,"Ensures documents are handled in accordance With the sensitivity of information they
contain",False
856,206,A,Inform senior management.,False
856,206,B,Reevaluate internal controls.,False
856,206,C,Inform audit management.,True
856,206,D,Re-perform past audits to ensure independence.,False
857,206,A,Data ownership,False
857,206,B,Applicable laws and regulations,True
857,206,C,Business requirements and data flows,False
857,206,D,End-user access rights,False
858,206,A,Implementing an awareness plan regarding compliance regulation requirements,False
858,206,B,"Implementing a governance, risk, and compliance (GRC) tool to track compliance to
regulations",False
858,206,C,Assessing and tracking all compliance audit findings,True
858,206,D,Monitoring which compliance regulations apply to the organization,False
859,206,A,"Report that the changes make it impractical to determine whether the risks have been
addressed.",False
859,206,B,Accept management's assertion and report that the risks have been addressed.,True
859,206,C,Determine whether the changes have introduced new risks that need to be addressed.,False
859,206,D,Review the changes and determine whether the risks have been addressed.,False
860,206,A,Perform data recovery.,False
860,206,B,Arrange for a secondary site.,False
860,206,C,Analyze risk.,False
860,206,D,Activate the call tree.,True
861,206,A,"The ability to deliver continuous, reliable performance",True
861,206,B,A requirement for annual security awareness programs,False
861,206,C,An increase in the number of IT infrastructure servers,False
861,206,D,A decrease in the number of information security incidents,False
862,206,A,Legacy data has not been purged.,False
862,206,B,Admin account passwords are not set to expire.,True
862,206,C,Default settings have not been changed.,False
862,206,D,Database activity logging is not complete.,False
863,206,A,To test the intrusion detection system (IDS),False
863,206,B,To provide training to security managers,False
863,206,C,To collect digital evidence of cyberattacks,False
863,206,D,To attract attackers in order to study their behavior,True
864,206,A,Audit risk,False
864,206,B,Consideration of risks,True
864,206,C,Assessment of prior audits,False
864,206,D,Business strategy,False
865,206,A,Risk acceptance,True
865,206,B,Risk mitigation,False
865,206,C,Risk transference,False
865,206,D,Risk reduction,False
866,206,A,Computer-assisted technique,True
866,206,B,Stratified sampling,False
866,206,C,Statistical sampling,False
866,206,D,Process walk-through,False
867,206,A,Purchase requisitions and purchase orders,False
867,206,B,Invoices and reconciliations,False
867,206,C,Vendor selection and statements of work,False
867,206,D,Good receipts and payments,True
868,206,A,Enterprise architecture (EA),True
868,206,B,Business impact analysis (BIA),False
868,206,C,Risk assessment report,False
868,206,D,Audit recommendations,False
869,206,A,Password attack,False
869,206,B,Eavesdropping attack,False
869,206,C,Insider attack,True
869,206,D,Spear phishing attack,False
870,206,A,Data backups,False
870,206,B,Decision support system,False
870,206,C,Operating system,True
870,206,D,Applications,False
871,206,A,The application should meet the organization's requirements.,False
871,206,B,Audit trails should be included in the design.,True
871,206,C,Potential suppliers should have experience in the relevant area.,False
871,206,D,Vendor employee background checks should be conducted regularly.,False
872,206,A,Escalate to IT management for resolution.,True
872,206,B,Issue the finding without identifying an owner,False
872,206,C,Assign shared responsibility to all IT teams.,False
872,206,D,Determine the most appropriate team and assign accordingly.,False
873,206,A,Conduct a follow-up audit after a suitable period has elapsed.,False
873,206,B,Reschedule the audit assignment for the next financial year.,False
873,206,C,Reassign the audit to an internal audit subject matter expert.,True
873,206,D,Extend the duration of the audit to give the auditor more time.,False
874,206,A,Requiring policy acknowledgment and nondisclosure agreements signed by employees,False
874,206,B,Providing education and guidelines to employees on use of social networking sites,True
874,206,C,Establishing strong access controls on confidential data,False
874,206,D,Monitoring employees' social networking usage,False
875,206,A,Conducting periodic testing and incorporating lessons learned,True
875,206,B,"Increasing the mean resolution time and publishing key performance indicator (KPI)
metrics",False
875,206,C,"Disseminating incident response procedures and requiring signed acknowledgment by
team members",False
875,206,D,Ensuring all team members understand information systems technology,False
876,206,A,Alternatives for financing the acquisition,False
876,206,B,Financial stability of potential vendors,False
876,206,C,Reputation of potential vendors,False
876,206,D,Cost-benefit analysis of available products,True
877,206,A,To evaluate the effectiveness of continuous improvement efforts,True
877,206,B,To compare incident response metrics with industry benchmarks,False
877,206,C,To re-analyze the incident to identify any hidden backdoors planted by the attacker,False
877,206,D,To evaluate the effectiveness of the network firewall against future security breaches,False
878,206,A,sign off on the final build document.,False
878,206,B,ensure that each project deadline is met.,False
878,206,C,ensure that developed systems meet business needs.,False
878,206,D,provide regular project updates and oversight.,True
879,206,A,Penetration testing results,False
879,206,B,Management attestation,False
879,206,C,Anti-malware tool audit logs,True
879,206,D,Recent malware scan reports,False
880,206,A,Integrating data requirements into the system development life cycle (SDLC),True
880,206,B,Appointing data stewards to provide effective data governance,False
880,206,C,Classifying data quality issues by the severity of their impact to the organization,False
880,206,D,Facilitating effective communication between management and developers,False
881,206,A,Variable sampling,False
881,206,B,Random sampling,False
881,206,C,Cluster sampling,False
881,206,D,Attribute sampling,True
882,206,A,Benchmarking IT project management practices with industry peers,False
882,206,B,Evaluating compliance with key security controls,False
882,206,C,Comparing planned versus actual return on investment (ROI),True
882,206,D,Reviewing system development life cycle (SDLC) processes,False
883,206,A,Cloud services are classified.,False
883,206,B,Users are centrally managed.,False
883,206,C,Cloud processes are resilient.,False
883,206,D,Users are periodically recertified.,True
884,206,A,"The technical migration is planned for a holiday weekend and end users may not be
available.",False
884,206,B,"Five weeks prior to the target date, there are still numerous defects in the printing
functionality.",False
884,206,C,"A single implementation phase is planned and the legacy system will be immediately
decommissioned.",True
884,206,D,"Employees are concerned that data representation in the new system is completely
different from the old system.",False
885,206,A,A communication plan exists for informing parties impacted by the risk.,False
885,206,B,Potential impact and likelihood are adequately documented.,False
885,206,C,Identified risk is reported into the organization's risk committee.,False
885,206,D,Established criteria exist for accepting and approving risk.,True
886,206,A,End-user managers determine who should access what information.,False
886,206,B,The organization has created a dozen different classification categories.,False
886,206,C,The compliance manager decides how the information should be classified.,False
886,206,D,The organization classifies most of its information as confidential.,True
887,206,A,An active intrusion detection system (IDS),False
887,206,B,Professional collection of unaltered evidence,True
887,206,C,Reporting to the internal legal department,False
887,206,D,Immediate law enforcement involvement,False
888,206,A,Establishing a role-based matrix for provisioning users,False
888,206,B,Re-assigning user access rights in the quality assurance (QA) environment,False
888,206,C,Holding the application owner accountable for application security,False
888,206,D,"Including a step within the system development life cycle (SDLC) to clean up access
prior to go-live",True
889,206,A,determine if sufficient access controls exist.,False
889,206,B,assess the sensitivity of the production data.,False
889,206,C,shut down the web page.,False
889,206,D,escalate to senior management.,True
890,206,A,System manuals,False
890,206,B,Enterprise architecture (EA),True
890,206,C,Historical record of data breaches,False
890,206,D,Industry trends,False
891,206,A,Risk assessments of information assets are not periodically performed.,False
891,206,B,All Control Panel Items,False
891,206,C,The information security policy does not extend to service providers.,True
891,206,D,There is no process to measure information security performance.,False
891,206,E,The information security policy is not reviewed by executive management.,False
892,206,A,Documentation of the service provider’s security configuration controls,False
892,206,B,A review of the service provider's policies and procedures,False
892,206,C,An audit report of the controls by an external auditor,True
892,206,D,An interview with the service provider's senior management,False
893,206,A,Preventive,False
893,206,B,Detective,False
893,206,C,Directive,True
893,206,D,Corrective,False
894,206,A,Technical architect,False
894,206,B,Enterprise architect,True
894,206,C,Program manager,False
894,206,D,Solution architect,False
895,206,A,reliability.,False
895,206,B,traceability.,False
895,206,C,"authority,",False
895,206,D,accountability.,True
896,206,A,Ask the asset management staff where the devices are.,False
896,206,B,Alert both audit and operations management about the discrepancy.,True
896,206,C,Ignore the invoices since they are not part of the follow-up.,False
896,206,D,Make a note of the evidence to include it in the scope of a future audit.,False
897,206,A,Repudiation,False
897,206,B,Unauthorized change,True
897,206,C,Corruption,False
897,206,D,Disclosure,False
898,206,A,Information security policy,False
898,206,B,Industry standards,False
898,206,C,Incident response plan,False
898,206,D,Industry regulations,True
899,206,A,There is no policy to revoke an employee's system access upon termination.,True
899,206,B,There is no policy in place for ongoing security awareness training.,False
899,206,C,There is no policy requiring employees to sign nondisclosure agreements (NDAs).,False
899,206,D,There is no policy to revoke previous access rights when employees change roles.,False
900,206,A,Time from identifying security threats to implementing solutions,True
900,206,B,The number of security controls audited,False
900,206,C,Time from security log capture to log analysis,False
900,206,D,The number of entries in the security risk register,False
901,206,A,Action plans with IT requirements built into all projects,False
901,206,B,An IT strategic plan with specifications of controls and safeguards,False
901,206,C,An IT strategic plan that supports the corporate strategy,True
901,206,D,IT projects from the strategic plan are approved by management,False
902,206,A,The host may be a potential single point of failure within the system.,True
902,206,B,There may be insufficient processing capacity to assign to guests.,False
902,206,C,There may be increased potential for session hijacking.,False
902,206,D,Ability to change operating systems may be limited.,False
903,206,A,To achieve synergy between audit and other risk management functions,False
903,206,B,To prioritize available resources and focus on areas with significant risk,True
903,206,C,To reduce the time and effort needed to perform a full audit cycle,False
903,206,D,"To identify key threats, risks, and controls for the organization",False
904,206,A,Ensure new employees read and sign acknowledgment of the acceptable use policy.,False
904,206,B,Revise the policy to include security training during onboarding.,True
904,206,C,Revise the policy to require security training every six months for all employees.,False
904,206,D,Require management of new employees to provide an overview of security awareness.,False
905,206,A,Planning phase,False
905,206,B,Reporting phase,False
905,206,C,Follow-up phase,False
905,206,D,Fieldwork phase,True
906,206,A,Man-m-the-middle,False
906,206,B,Denial of service (DoS),False
906,206,C,SQL injection,True
906,206,D,Cross-site scripting,False
907,206,A,IT portfolio updates are communicated when approved.,False
907,206,B,Programs in the IT portfolio are prioritized by each business function.,False
907,206,C,The IT portfolio is updated as business strategy changes.,True
907,206,D,The IT portfolio is updated on the basis of current industry benchmarks.,False
908,206,A,Discussion of the largest account values with business owners,False
908,206,B,Integrity checks against source documentation,True
908,206,C,System vulnerability assessment,False
908,206,D,Interviews with system owners and operators,False
909,206,A,Walk-through test results,True
909,206,B,Full operational test results,False
909,206,C,Tabletop test results,False
909,206,D,Simulation test results,False
910,206,A,audit resources are used most effectively.,False
910,206,B,internal audit activity conforms with audit standards and methodology.,True
910,206,C,the audit function is adequately governed and meets performance metrics.,False
910,206,D,inherent risk in audits is minimized.,False
911,206,A,Provide availability to the transmission,False
911,206,B,Authenticate the sender of a message,True
911,206,C,Provide confidentiality to the transmission,False
911,206,D,Verify the integrity of the data and the identity of the recipient,False
912,206,A,Vendor selection criteria are not sufficiently evaluated.,False
912,206,B,Business resources have not been optimally assigned.,True
912,206,C,Business impacts of projects are not adequately analyzed.,False
912,206,D,Project costs exceed established budgets.,False
913,206,A,Avoiding financial penalties and reputational risk,False
913,206,B,Ensuring data availability,False
913,206,C,Promoting secure data handling practices,True
913,206,D,Adhering to data governance policies,False
914,206,A,Review separation of duties documentation.,False
914,206,B,Verify the load balancer configuration.,False
914,206,C,Recommend using cloud-based backups.,False
914,206,D,Inspect logs to verify timely execution of backups.,True
915,206,A,The risk to which the organization is exposed due to the issue,True
915,206,B,"The nature, extent, and timing of subsequent audit follow-up",False
915,206,C,How the issue was found and who bears responsibility,False
915,206,D,A detailed solution for resolving the issue,False
916,206,A,Establishing recovery point objectives (RPOs),False
916,206,B,Determining recovery priorities,True
916,206,C,Establishing recovery time objectives (RTOs),False
916,206,D,Determining recovery costs,False
917,206,A,loT devices should only be accessible from the host network.,False
917,206,B,loT devices should log and alert on access attempts.,False
917,206,C,IoT devices should require identification and authentication.,True
917,206,D,loT devices should monitor the use of device system accounts.,False
918,206,A,An increase in security-related costs,False
918,206,B,User complaints about the new mode of working,False
918,206,C,An increase in user identification errors,True
918,206,D,A noticeable drop in the performance of IT systems,False
919,206,A,Enforce strong security settings on smart devices.,True
919,206,B,Require employees to formally acknowledge security procedures.,False
919,206,C,Review access logs to the organization's sensitive data in a timely manner.,False
919,206,D,Include usage restrictions in bring your own device (BYOD) security procedures.,False
920,206,A,During the next scheduled review,False
920,206,B,At least one year after the transition,False
920,206,C,As soon as the decision about the transition is announced,False
920,206,D,As soon as the new operating model is in place,True
921,206,A,Confirm that the encryption standard applied to the interface is in line with best practice.,False
921,206,B,Inspect interface configurations and an example output of the systems.,False
921,206,C,Perform data reconciliation between the two systems for a sample of 25 days.,True
921,206,D,Conduct code review for both systems and inspect design documentation.,False
922,206,A,Ineffective post-incident review,False
922,206,B,Ineffective incident prioritization,False
922,206,C,Ineffective incident detection,True
922,206,D,Ineffective incident classification,False
923,206,A,Adequate action is taken for noncompilance with the service level agreement (SLA).,True
923,206,B,The service level agreement (SLA) includes penalties tor non-performance.,False
923,206,C,Internal performance standards align with corporate strategy.,False
923,206,D,The vendor provides historical data to demonstrate its performance.,False
924,206,A,A high percentage of stakeholders satisfied with the quality of IT,True
924,206,B,Ahigh percentage of incidents being quickly resolved,False
924,206,C,Ahigh percentage of IT processes reviewed by quality assurance (QA),False
924,206,D,Ahigh percentage of IT employees attending quality training,False
925,206,A,Intrusion attack,True
925,206,B,Asynchronous attack,False
925,206,C,Passive assault,False
925,206,D,Trojan horse,False
926,206,A,Design and application of key controls in public audit,False
926,206,B,Security strategy in public cloud Infrastructure as a Service (IaaS),False
926,206,C,Modern encoding methods for digital communications,False
926,206,D,Technology and process life cycle for digital certificates and key pairs,True
927,206,A,The firewall must be placed in the demilitarized zone (DMZ).,False
927,206,B,Only essential external services should be permitted.,True
927,206,C,Filters for external information must be defined.,False
927,206,D,All external communication must be via the firewall.,False
928,206,A,All users provisioned after the final audit report was issued,False
928,206,B,All users who have followed user provisioning processes provided by management,False
928,206,C,All users provisioned after management resolved the audit issue,True
928,206,D,All users provisioned after the finding was originally identified,False
929,206,A,Verify that confidential files cannot be transmitted to a personal USB device.,True
929,206,B,Conduct interviews to identify possible data protection vulnerabilities.,False
929,206,C,Review data classification levels based on industry best practice.,False
929,206,D,Verify that current DLP software is installed on all computer systems.,False
930,206,A,The programmer did not involve the user in testing.,False
930,206,B,The user requirements were not documented.,False
930,206,C,Payroll files were not under the control of a librarian.,False
930,206,D,The programmer has access to the production programs.,True
931,206,A,Intrusion prevention system (IPS) and firewalls,False
931,206,B,Data loss prevention (DLP) technologies,True
931,206,C,Cryptographic protection,False
931,206,D,Email phishing simulation exercises,False
932,206,A,Determine whether the tested scenarios covered the most significant project risks.,True
932,206,B,Help management complete remaining scenario testing before implementation.,False
932,206,C,Recommend project implementation be postponed until all scenarios have been tested.,False
932,206,D,Perform remaining scenario testing in the production environment post implementation.,False
933,206,A,Local accounts,False
933,206,B,Administrator accounts,False
933,206,C,Console accounts,False
933,206,D,Service accounts,True
934,206,A,Duplicate check,False
934,206,B,Completeness check,False
934,206,C,Sequence check,False
934,206,D,Check digit,True
935,206,A,Integrity,False
935,206,B,Nonrepudiation,True
935,206,C,Confidentiality,False
935,206,D,Availability,False
936,206,A,It reduces the error rate.,False
936,206,B,It improves the reliability of the data.,False
936,206,C,It enables the auditor to work with 100% of the transactions.,True
936,206,D,It reduces the sample size required to perform the audit.,False
937,206,A,Data integrity,True
937,206,B,Entity integrity,False
937,206,C,Referential integrity,False
937,206,D,Availability integrity,False
938,206,A,IT metrics dashboards,False
938,206,B,IT roadmap,True
938,206,C,Capability maturity model,False
938,206,D,Life cycle cost-benefit analysis,False
939,206,A,Observations not reported as findings due to inadequate evidence,False
939,206,B,The roadmap for addressing the various risk areas,False
939,206,C,The level of unmitigated risk along with business impact,True
939,206,D,Specific technology solutions for each audit observation,False
940,206,A,Availability,True
940,206,B,Consistency,False
940,206,C,Denial of service (DoS) attacks,False
940,206,D,Data security,False
941,206,A,Virtualization,True
941,206,B,Hardware upgrades,False
941,206,C,Overclocking the central processing unit (CPU),False
941,206,D,Real-time backups,False
942,206,A,Preparing project status reports,False
942,206,B,Designing interface controls,False
942,206,C,Reviewing escalated project issues,True
942,206,D,Documenting requirements,False
943,206,A,Environmental performance metrics,True
943,206,B,Geographical location of the data center,False
943,206,C,Disaster recovery plan (DRP) testing results,False
943,206,D,Facilities maintenance records,False
944,206,A,The policies are not available to key risk stakeholders.,False
944,206,B,The policies have not been reviewed by the risk management committee.,False
944,206,C,The policies are not aligned with the information security risk appetite.,True
944,206,D,The policies are not based on industry best practices for information security.,False
945,206,A,Quality assurance (QA) testing,False
945,206,B,System change logs,False
945,206,C,IT testing policies and procedures,False
945,206,D,Previous system interface testing records,True
946,206,A,Violation of user's privacy,False
946,206,B,Potential for malware,True
946,206,C,Noncompliance with the acceptable use policy,False
946,206,D,Interoperability issues with company software,False
947,206,A,Transmission Control Protocol/Internet Protocol (TCP/IP),False
947,206,B,Internet Control Message Protocol,True
947,206,C,Multipurpose Transaction Protocol,False
947,206,D,Point-to-Point Tunneling Protocol,False
948,206,A,User requirements,True
948,206,B,User acceptance testing (UAT) plans,False
948,206,C,Deployment plans,False
948,206,D,Architectural design,False
949,206,A,Applicants of all ages,False
949,206,B,Applicants from a range of geographic areas and income levels,True
949,206,C,Incomplete records and incorrectly formatted data,False
949,206,D,Duplicate records,False
950,206,A,Compliance audit,False
950,206,B,Application security testing,False
950,206,C,Forensic audit,True
950,206,D,Penetration testing,False
951,206,A,help auditee management by providing the solution.,False
951,206,B,explain the findings and provide general advice.,True
951,206,C,present updated policies to management for approval.,False
951,206,D,take ownership of the problems and oversee remediation efforts.,False
952,206,A,System modification,True
952,206,B,Unit testing,False
952,206,C,Stress testing,False
952,206,D,Program development,False
953,206,A,Document the finding in the report.,False
953,206,B,Identify other potential vulnerabilities.,False
953,206,C,Notify IT management.,True
953,206,D,Report the finding to the external auditors.,False
954,206,A,Between each host and the local network switch/hub,False
954,206,B,Between virtual local area networks (VLANs),False
954,206,C,Inside the demilitarized zone (DMZ),False
954,206,D,At borders of network segments with different security levels,True
955,206,A,Exfiltration,False
955,206,B,Exploitation,True
955,206,C,Reconnaissance,False
955,206,D,Scanning,False
956,206,A,Monitoring data movement,True
956,206,B,Implementing a long-term CASB contract,False
956,206,C,Reviewing the information security policy,False
956,206,D,Evaluating firewall effectiveness,False
957,206,A,Safeguarding of personal data processing by the AI system.,True
957,206,B,AI system's compliance with industry security standards.,False
957,206,C,Speed and accuracy of chatbot responses to customer queries.,False
957,206,D,AI system's ability to handle multiple customer queries at once.,False
958,206,A,Monitoring,False
958,206,B,Deterrent,False
958,206,C,Detective,True
958,206,D,Corrective,False
959,206,A,assess the appropriateness of recommendations.,False
959,206,B,verify compliance with policies.,False
959,206,C,evaluate whether the risk profile has changed.,False
959,206,D,determine adequacy of actions taken on recommendations.,True
960,206,A,Requirements may become unreasonable.,False
960,206,B,Local regulations may contradict the policy.,True
960,206,C,The policy may conflict with existing application requirements.,False
960,206,D,Local management may not accept the policy.,False
961,206,A,A system interface tracking program is not enabled.,False
961,206,B,The data has not been encrypted.,False
961,206,C,Data is intercepted while in transit between systems.,False
961,206,D,The data from the originating system differs from the downloaded data.,True
962,206,A,Diversity of log formats generated by different IT resources,False
962,206,B,Retention and storage issues due to log volume,True
962,206,C,Resistance by operational users,False
962,206,D,Impact on performance of IT resources,False
963,206,A,Problem management,True
963,206,B,Incident management,False
963,206,C,Configuration management,False
963,206,D,Release management,False
964,206,A,Whether root cause analysis is performed on all failed and rejected changes,False
964,206,B,Whether critical services are delivered in a timely and sustainable manner,False
964,206,C,"Whether there is a process to monitor continuous improvement areas and necessary
targets",True
964,206,D,"Whether the organization follows an industry-recognized service management
framework",False
965,206,A,Cloud computing,False
965,206,B,Robotic process automation (RPA),False
965,206,C,Internet of Things (IoT),False
965,206,D,Machine learning algorithms,True
966,206,A,Average ticket age,False
966,206,B,Number of calls worked,False
966,206,C,Customer satisfaction ratings,True
966,206,D,Call transcript reviews,False
967,206,A,Imported data is not disposed of frequently.,False
967,206,B,The transfer protocol is not encrypted.,False
967,206,C,The transfer protocol does not require authentication.,False
967,206,D,The quality of the data is not monitored.,True
968,206,A,Sampling risk,False
968,206,B,Residual risk,False
968,206,C,Detection risk,False
968,206,D,Inherent risk,True
969,206,A,providing details on how to execute the audit program.,False
969,206,B,outlining the specific steps needed to complete audits.,False
969,206,C,providing direction and information regarding the performance of audits.,True
969,206,D,defining the authority and responsibility of the IS audit function.,False
970,206,A,Indicating which data elements are necessary to make informed decisions,True
970,206,B,Allocating the resources necessary to purchase the appropriate software packages,False
970,206,C,Performing the business case analysis for the data analytics initiative,False
970,206,D,"Designing the workflow necessary for the data analytics tool to evaluate the appropriate
data",False
971,206,A,Timely audit execution,False
971,206,B,Effective allocation of audit resources,True
971,206,C,Reduced travel and expense costs,False
971,206,D,Effective risk mitigation,False
972,206,A,Business strategies may not align with IT capabilities.,False
972,206,B,Business strategies may not consider emerging technologies.,False
972,206,C,IT strategies may not align with business strategies.,True
972,206,D,IT strategic goals may not be considered by the business.,False
973,206,A,Detectors trigger audible alarms when activated.,True
973,206,B,Detectors have the correct industry certification.,False
973,206,C,Detectors are linked to dry pipe fire suppression systems.,False
973,206,D,Detectors are linked to wet pipe fire suppression systems.,False
974,206,A,Evaluate the extent of the parallel testing being performed,False
974,206,B,"Recommend integration and stress testing be conducted by the systems implementation
team",False
974,206,C,Conclude that parallel testing is sufficient and regression testing is not needed,False
974,206,D,Recommend regression testing be conducted by the systems implementation team,True
975,206,A,"Schedule a follow-up audit in the next year to confirm whether IT processes have
matured.",False
975,206,B,"Create an interdisciplinary IT steering committee to oversee IT prioritization and
spending.",True
975,206,C,Document and track all IT decisions in a project management tool.,False
975,206,D,Discontinue all current IT projects until formal approval is obtained and documented.,False
976,206,A,Deployment automation to all servers,False
976,206,B,Technical skills of the deployment team,False
976,206,C,Comprehensive testing prior to deployment,True
976,206,D,Validity certification prior to deployment,False
977,206,A,Ability to meet business requirements,False
977,206,B,Assurance that sensitive data is encrypted,False
977,206,C,Increased accuracy of sensitive data,False
977,206,D,Management of business risk to sensitive data,True
978,206,A,Hash value,True
978,206,B,Access control list,False
978,206,C,File allocation table,False
978,206,D,Size of the file,False
979,206,A,Metrics are not aligned with industry benchmarks,False
979,206,B,Performance reporting includes too many technical terms,False
979,206,C,Key performance indicators (KPIs) were met in only one month,True
979,206,D,Metrics were defined without stakeholder review,False
980,206,A,Earned value analysis (EVA),False
980,206,B,Rapid application development,False
980,206,C,Function point analysis,False
980,206,D,Feasibility study,True
981,206,A,Lost revenue,False
981,206,B,Personnel safety,True
981,206,C,IT asset protection,False
981,206,D,Adequate resource capacity,False
982,206,A,Adequate card security features are activated.,False
982,206,B,The company’s payment platforms are blocked.,False
982,206,C,Proper chain of custody is maintained.,True
982,206,D,All staff in the payment card unit are interviewed.,False
983,206,A,Conducted once per year just before system audits are scheduled.,True
983,206,B,Conducted by the internal technical team instead of external experts.,False
983,206,C,"Performed for critical systems, not for the entire infrastructure.",False
983,206,D,Performed using open-source testing tools.,False
984,206,A,information security officer.,False
984,206,B,system administrator.,False
984,206,C,information asset owner.,False
984,206,D,project manager.,True
985,206,A,Implement network address translation on the sensor system.,False
985,206,B,Route the traffic from the sensor system through a proxy server.,False
985,206,C,Hash the data that is transmitted from the sensor system.,False
985,206,D,Transmit the sensor data via a virtual private network (VPN) to the server.,True
986,206,A,Project sponsor,True
986,206,B,Project manager,False
986,206,C,Quality assurance (QA) manager,False
986,206,D,Chief risk officer (CRO),False
987,206,A,Payment files are stored on a shared drive in a writable format prior to processing.,False
987,206,B,Accounts payable staff have access to update vendor bank account details.,True
987,206,C,The IS auditor was granted access to create purchase orders.,False
987,206,D,Configured delegation limits do not align to the organization's delegation’s policy.,False
988,206,A,IT personnel,False
988,206,B,Business owner,True
988,206,C,Information security personnel,False
988,206,D,Data steward,False
989,206,A,It enhances user experience via predictive analysis.,False
989,206,B,It improves security with real-time monitoring of network data.,True
989,206,C,It organizes data to identify performance issues.,False
989,206,D,It supports data aggregation using unified storage.,False
990,206,A,Decreased mean time between failures (MTBF),False
990,206,B,Degradation of services,False
990,206,C,Limited tolerance for damage,False
990,206,D,Single point of failure,True
991,206,A,A high percentage of stakeholders satisfied with the quality of IT,True
991,206,B,A high percentage of IT processes reviewed by quality assurance (QA),False
991,206,C,A high percentage of incidents being quickly resolved,False
991,206,D,A high percentage of IT employees attending quality training,False
992,206,A,Implementing security logging to enhance threat and vulnerability management,False
992,206,B,Maintaining a catalog of vulnerabilities that may impact mission-critical systems,False
992,206,C,Using a capability maturity model to identify a path to an optimized program,True
992,206,D,Outsourcing the threat and vulnerability management function to a third party,False
993,206,A,Incremental backups,True
993,206,B,Mirror backups,False
993,206,C,Full backups,False
993,206,D,Annual backups,False
994,206,A,The installation of unknown malware.,False
994,206,B,Malicious programs running on organizational systems.,False
994,206,C,The downloading of sensitive information to devices by employees.,True
994,206,D,The sending of corrupt data files to external parties via email.,False
995,206,A,Comparing the source address to the domain name server (DNS) entry,False
995,206,B,Using static IP addresses for identification,False
995,206,C,Comparing the source address to the interface used as the entry point,False
995,206,D,"Using a state table to compare the message states of each packet as it enters the
system",True
996,206,A,Alignment with an information security framework,False
996,206,B,Compliance with relevant regulations,True
996,206,C,Inclusion of mission and objectives,False
996,206,D,Consultation with security staff,False
997,206,A,Full details of security procedures to be observed by the contractor.,False
997,206,B,A provision for an independent audit of the contractor’s operations.,True
997,206,C,The names and roles of staff to be employed in the operation.,False
997,206,D,Data transfer protocols.,False
998,206,A,User Datagram Protocol (UDP),False
998,206,B,Hypertext Transfer Protocol (HTTP),False
998,206,C,Secure File Transfer Protocol (SFTP),True
998,206,D,Remote Desktop Protocol (RDP),False
999,206,A,"Data privacy must be managed in accordance with the regulations applicable to the
organization.",False
999,206,B,"Data privacy must be monitored in accordance with industry standards and best
practices.",False
999,206,C,"No personal information may be transferred to the service provider without notifying the
customer.",False
999,206,D,"Customer data transferred to the service provider must be reported to the regulatory
authority.",True
1000,206,A,The project risk exceeds the organization's risk appetite.,True
1000,206,B,Executing the project will require additional investments.,False
1000,206,C,Expected business value is expressed in qualitative terms.,False
1000,206,D,The organization will be the first to offer the proposed services.,False
1001,206,A,Awareness training of personnel on regulatory requirements,False
1001,206,B,Utilization of a dual-factor authentication mechanism,False
1001,206,C,Configuration of read-only access to all users,False
1001,206,D,Enforcement of a need-to-know access control philosophy,True
1002,206,A,"Invite external auditors and regulators to perform regular assessments of the IS audit
function.",False
1002,206,B,Implement rigorous managerial review and sign-off of IS audit deliverables.,False
1002,206,C,"Frequently review IS audit policies, procedures, and instruction manuals.",False
1002,206,D,Establish and embed quality assurance (QA) within the IS audit function.,True
1003,206,A,Review data center access logs.,False
1003,206,B,Interview data center stakeholders.,False
1003,206,C,Review camera footage from the data center.,False
1003,206,D,Perform a data center tour.,True
1004,206,A,"Perform edit checks to identify erroneous, unusual, or invalid transactions.",False
1004,206,B,Verify transactions are sequentially numbered in the header record.,False
1004,206,C,Ensure the validity of the recipient ID and use auto-numbered reports.,False
1004,206,D,Maintain a log of the number of messages sent and validate periodically.,True
1005,206,A,The proximity badge did not work for the first two days of audit fieldwork.,False
1005,206,B,There was no requirement for an escort during fieldwork.,False
1005,206,C,There was no follow-up for unsuccessful attempted access violations.,False
1005,206,D,The proximity badge incorrectly granted access to restricted areas.,True
1006,206,A,Network map from the network administrator,False
1006,206,B,Historical database change log records,False
1006,206,C,List of integrations from the database administrator (DBA),False
1006,206,D,Business process flow from management,True
1007,206,A,To ensure steps exist to remove the change if necessary,True
1007,206,B,To ensure testing can be re-performed if required,False
1007,206,C,To ensure a backup exists before implementing a change,False
1007,206,D,To ensure the system change is effective,False
1008,206,A,The server room is secured by a key lock instead of an electronic lock.,False
1008,206,B,The server room's location is known by people who work in the area.,False
1008,206,C,The server room does not have temperature controls.,True
1008,206,D,The server room does not have biometric controls.,False
1009,206,A,Bus configuration,False
1009,206,B,Mesh configuration,True
1009,206,C,Star configuration,False
1009,206,D,Ring configuration,False
1010,206,A,"Document the dependencies between the project and other projects within the same
program.",False
1010,206,B,"Ensure that IT takes ownership for the delivery and tracking of all aspects of the benefits
realization plan.",False
1010,206,C,"Ensure that the project manager has formal authority for managing the benefits
realization plan.",False
1010,206,D,"Assign responsibilities, measures, and timelines for each identified benefit within the
plan.",True
1011,206,A,Botnet attack,True
1011,206,B,Data mining,False
1011,206,C,Phishing attempt,False
1011,206,D,Malware sharing,False
1012,206,A,Administrator access is provided for a limited period with an expiration date.,False
1012,206,B,Access has been provided on a need-to-know basis.,True
1012,206,C,User IDs are deleted when work is completed.,False
1012,206,D,Access is provided to correspond with the service level agreement (SLA).,False
1013,206,A,Encrypt the extensible markup language (XML) file.,False
1013,206,B,Implement Transport Layer Security (TLS).,True
1013,206,C,Mask the API endpoints.,False
1013,206,D,Implement Simple Object Access Protocol (SOAP).,False
1014,206,A,A lessons learned session was never conducted.,False
1014,206,B,Monthly dashboards did not always contain deliverables.,False
1014,206,C,The project’s 10% budget overrun was not reported to senior management.,False
1014,206,D,Measurable benefits were not defined.,True
1015,206,A,Senior management representation,False
1015,206,B,Ability to meet the time commitment required,False
1015,206,C,Agile project management experience,True
1015,206,D,ERP implementation experience,False
1016,206,A,"Enable automatic encryption, decryption, and electronic signing of data files.",False
1016,206,B,Automate the transfer of data between systems as much as is feasible.,False
1016,206,C,Have coders perform manual reconciliation of data between systems.D,False
1016,206,D,Implement software to perform automatic reconciliations of data between systems.,True
1017,206,A,Analysis of IT department functionality,False
1017,206,B,Biweekly reporting to senior management,False
1017,206,C,Annual board meetings,False
1017,206,D,Quarterly steering committee meetings,True
1018,206,A,To verify that risks listed in the audit report have been properly mitigated,True
1018,206,B,"To identify new risks and controls for the organizationTo ensure senior management is
aware of the audit findingsTo align the management action plans with business
requirements",False
1019,206,A,Retrain operations personnel.,False
1019,206,B,Implement a closing checklist.,True
1019,206,C,Update the operations manual.,False
1019,206,D,Bring staff with financial experience into operations.,False
1020,206,A,"Enable verification of administrators to protect against impersonators modifying DNS
tables.",True
1020,206,B,"Configure ONS servers to create appropriately sized responses to domain resolution
requests.",False
1020,206,C,"Ensure DNS changes are propagated across all servers in the organization's cloud
account.",False
1020,206,D,"Provide corporate laptops to end users with built-in antivirus tools that scan for DNS
vulnerabilities.",False
1021,206,A,Value-added activity analysis,False
1021,206,B,Risk management techniques,True
1021,206,C,Access control rules,False
1021,206,D,Incident management techniques,False
1022,206,A,Penetration testing,False
1022,206,B,Authenticated scanning,False
1022,206,C,Change management records,False
1022,206,D,System log review,True
1023,206,A,specific functional contents of each single table.,True
1023,206,B,frequency of updates to the table.,False
1023,206,C,descriptions of column names in the table.,False
1023,206,D,number of end users with access to the table.,False
1024,206,A,"Performing reasonableness tests by multiplying the number of employees by the
average wage rate",True
1024,206,B,Evaluating the performance of the payroll system using benchmarking software,False
1024,206,C,Performing penetration attempts on the payroll system,False
1024,206,D,Testing hours reported on time sheets,False
1025,206,A,Active redundancy,False
1025,206,B,Homogeneous redundancy,False
1025,206,C,Diverse redundancy,True
1025,206,D,Passive redundancy,False
1026,206,A,"The application operations manual contains procedures to ensure emergency fixes do

not compromise system integrity.",True
1026,206,B,"Special logon IDs are used to grant programmers permanent access to the production
environment.",False
1026,206,C,Change management controls are retroactively applied.,False
1026,206,D,Emergency changes are applied to production libraries immediately.,False
1027,206,A,Board of directors,True
1027,206,B,Steering committee,False
1027,206,C,Chief risk officer (CRO),False
1027,206,D,Executive management,False
1028,206,A,Corrective control,False
1028,206,B,Administrative control,False
1028,206,C,Detective control,False
1028,206,D,Preventive control,True
1029,206,A,enterprise architecture (EA).,False
1029,206,B,industry best practices.,False
1029,206,C,a risk management process.,True
1029,206,D,past information security incidents.,False
1030,206,A,Better ability to address key risks,True
1030,206,B,Less frequent client interaction,False
1030,206,C,Annual cost savings,False
1030,206,D,Reduced documentation requirements,False
1031,206,A,defining the authority and responsibility of the IS audit function.,False
1031,206,B,providing direction and information regarding the performance of audits.,True
1031,206,C,outlining the specific steps needed to complete audits.,False
1031,206,D,providing details on how to execute the audit program.,False
1032,206,A,The data source lacks integrity.,True
1032,206,B,The data analytics software is open source.,False
1032,206,C,The data set contains irrelevant fields.,False
1032,206,D,The data was not extracted by the auditor.,False
1033,206,A,To provide efficiencies for alignment with incident response test scenarios,False
1033,206,B,To determine process improvement options for the incident response plan,True
1033,206,C,To gather documentation for responding to security audit inquiries,False
1033,206,D,To confirm that technology is in place to support the incident response plan,False
1034,206,A,To resume normal operations after service disruptions,False
1034,206,B,To prevent potential attacks or disruptions in operations,False
1034,206,C,To efficiently and effectively recover from an incident with limited operational impact,False
1034,206,D,To limit the severity of security breaches and maintain continuous operations,True
1035,206,A,Backup testing schedule,False
1035,206,B,Data retention policy,False
1035,206,C,Transfer frequency,False
1035,206,D,Data confidentiality,True
1036,206,A,Benchmarking studies,False
1036,206,B,Maturity model,True
1036,206,C,IT risk register,False
1036,206,D,IT incident log,False
1037,206,A,Have well-defined support levels.,False
1037,206,B,Are easily implemented.,False
1037,206,C,Reduce dependence on vendors.,True
1037,206,D,Offer better security features.,False
1038,206,A,To ensure new processes and technologies harmonize with existing processes,True
1038,206,B,To ensure the EA can adapt to emerging technology trends,False
1038,206,C,To ensure the EA is compliant with local laws and regulations,False
1038,206,D,To ensure new initiatives produce an acceptable return on investment (ROI),False
1039,206,A,Supporting documentation is not updated.,False
1039,206,B,Anti-malware is disabled during patch installation.,False
1039,206,C,Patches may be installed regardless of their criticality.,False
1039,206,D,Patches may result in major service failures.,True
1040,206,A,Lack of offsite data backups,False
1040,206,B,Absence of a data backup policy,False
1040,206,C,Lack of periodic data restoration testing,False
1040,206,D,Insufficient data backup frequency,True
1041,206,A,Amount of successfully migrated software changes,False
1041,206,B,Reduction in the help desk budget,False
1041,206,C,Number of defects discovered in production,True
1041,206,D,Increase in quality assurance (QA) activities,False
1042,206,A,Confidentiality of the user list,False
1042,206,B,Timeliness of the user list review,False
1042,206,C,Completeness of the user list,True
1042,206,D,Availability of the user list,False
1043,206,A,Decreased effectiveness of root cause analysis,False
1043,206,B,Decreased overall recovery time,False
1043,206,C,Increased number of false negatives in security logs,True
1043,206,D,Increased demand for storage space for logs,False
1044,206,A,IS audit manager,True
1044,206,B,Audit committee,False
1044,206,C,Business owner,False
1044,206,D,Project sponsor,False
1045,206,A,The database is read-accessible for all users.,False
1045,206,B,The database is write-accessible for all users.,True
1045,206,C,The database is not encrypted at rest.,False
1045,206,D,The database is executable for all users.,False
1046,206,A,Scalability,True
1046,206,B,High availability,False
1046,206,C,Alternate routing,False
1046,206,D,Flexibility,False
1047,206,A,Review the results of social engineering tests.,True
1047,206,B,Evaluate management survey results.,False
1047,206,C,Interview employees to assess their security awareness.,False
1047,206,D,Review security awareness training quiz results.,False
1048,206,A,Public key infrastructure (PKI),False
1048,206,B,Blockchain distributed ledger,True
1048,206,C,Artificial intelligence (Al),False
1048,206,D,Centralized ledger technology,False
1049,206,A,Submit the report to appropriate regulators immediately.,False
1049,206,B,Obtain approval from audit management to submit the report.,True
1049,206,C,Obtain approval from auditee management to release the report.,False
1049,206,D,Obtain approval from both audit and auditee management to release the report.,False
1050,206,A,The frequency of user access reviews performed by management,False
1050,206,B,The frequency of intrusion attempts associated with the accounts payable system,False
1050,206,C,The process for terminating access of departed employees,False
1050,206,D,The ability of departed employees to actually access the system,True
1051,206,A,"Users responsible for managing records are unaware of the data classification
processes.",True
1051,206,B,Systems used to manage the data classification processes are not synchronized.,False
1051,206,C,The data classification processes have not been updated in the last year.,False
1051,206,D,The data classification processes are not aligned with industry standards.,False
1052,206,A,Big bang,False
1052,206,B,Phased,True
1052,206,C,Cutover,False
1052,206,D,Parallel,False
1053,206,A,Revenue lost due to application outages,False
1053,206,B,Patching performed by the vendor,False
1053,206,C,A large number of scheduled database changes,False
1053,206,D,The presence of a single point of failure,True
1054,206,A,Reconciling sample data to most recent backups,False
1054,206,B,Obfuscating confidential data,False
1054,206,C,Encrypting the data,False
1054,206,D,Comparing checksums,True
1055,206,A,Risk acceptance,False
1055,206,B,Risk transfer,False
1055,206,C,Risk reduction,False
1055,206,D,Risk avoidance,True
1056,206,A,Conduct a walk-through of the process.,False
1056,206,B,Perform substantive testing on sampled records.,False
1056,206,C,Perform judgmental sampling of key processes.,False
1056,206,D,Use a data analytics tool to identify trends.,True
1057,206,A,minimize data storage needs across the organization.,False
1057,206,B,provide necessary IT resources to meet business requirements.,True
1057,206,C,minimize system idle time to optimize cost.,False
1057,206,D,ensure that IT teams have sufficient personnel.,False
1058,206,A,Modify IT initiatives that do not map to business strategies.,False
1058,206,B,Reassess IT initiatives that do not map to business strategies.,True
1058,206,C,Define key performance indicators (KPIs) for IT.,False
1058,206,D,Reassess the return on investment (ROI) for the IT initiatives.,False
1059,206,A,The production configuration does not conform to corporate policy.,True
1059,206,B,Responsibility for the firewall administration rests with two different divisions.,False
1059,206,C,Industry hardening guidance has not been considered.,False
1059,206,D,The firewall configuration file is extremely long and complex.,False
1060,206,A,A very large number of true negatives,False
1060,206,B,A small number of false negatives,True
1060,206,C,A small number of true positives,False
1060,206,D,A large number of false positives,False
1061,206,A,Compliance gap analysis,True
1061,206,B,Customer data protection roles and responsibilities,False
1061,206,C,Customer data flow diagram,False
1061,206,D,Benchmarking studies of adaptation to the new regulation,False
1062,206,A,assess whether business process owner responsibilities are consistent.,False
1062,206,B,obtain information about the control framework adopted by management.,True
1062,206,C,examine audit committee minutes for IT-related controls.,False
1062,206,D,define key performance indicators (KPIs).,False
1063,206,A,Data loss prevention (DLP) system,True
1063,206,B,Network access controls (NAC),False
1063,206,C,Perimeter firewall,False
1063,206,D,Hashing of sensitive data,False
1064,206,A,Evaluate the overall solution architecture.,False
1064,206,B,Analyze the sequence of activities performed by the robot.,False
1064,206,C,Understand the business processes automated by the robot.,False
1064,206,D,Identity the credentials used by the robot and where they are stored.,True
1065,206,A,comparison with critical incidents experienced by competitors.,False
1065,206,B,number of vulnerability alerts escalated to senior management.,False
1065,206,C,number of new vulnerabilities reported.,False
1065,206,D,adverse impact of incidents on critical business activities.,True
1066,206,A,Business project plan,False
1066,206,B,Continuous monitoring plans,False
1066,206,C,The cost of new controls,False
1066,206,D,Business impact,True
1067,206,A,Internal firewalls,True
1067,206,B,Blockchain technology,False
1067,206,C,Content filtering proxy,False
1067,206,D,Zero Trust architecture,False
1068,206,A,Systems may not be supported by the vendor.,False
1068,206,B,Known security vulnerabilities may not be mitigated.,True
1068,206,C,Different systems may not be compatible.,False
1068,206,D,The systems may not meet user requirements.,False
1069,206,A,Include the evidence as part of a future audit.,False
1069,206,B,Report only on the areas within the scope of the follow-up.,False
1069,206,C,Report the risk to management in the follow-up report.,True
1069,206,D,Expand the follow-up scope to include examining the evidence.,False
1070,206,A,Easy software version rollback,False
1070,206,B,Smaller incremental changes,True
1070,206,C,Fewer manual milestones,False
1070,206,D,Automated software testing,False
1071,206,A,A comprehensive list of disaster recovery scenarios and priorities,False
1071,206,B,Business continuity plan (BCP),False
1071,206,C,Test results for backup data restoration,False
1071,206,D,Roles and responsibilities for recovery team members,True
1072,206,A,Restricted host IP addresses of simulated attacks,False
1072,206,B,Testing techniques of simulated attacks,False
1072,206,C,Source IP addresses of simulated attacks,True
1072,206,D,Timing of simulated attacks,False
1073,206,A,Using the default policy and tool rule sets,False
1073,206,B,Configuring a limited set of rules,True
1073,206,C,Deploying the tool in monitor mode,False
1073,206,D,Reducing the number of detection points,False
1074,206,A,Lack of segregation of duties,False
1074,206,B,Lack of a dedicated QC function,False
1074,206,C,Lack of policies and procedures,True
1074,206,D,Lack of formal training and attestation,False
1075,206,A,Ensure that code has been reviewed.,False
1075,206,B,Perform user acceptance testing (UAT).,True
1075,206,C,Document last-minute enhancements.,False
1075,206,D,Perform a pre-implementation audit.,False
1076,206,A,Testing at a secondary site using offsite data backups,True
1076,206,B,Performing a quarterly tabletop exercise,False
1076,206,C,Reviewing recovery time and recovery point objectives,False
1076,206,D,Reviewing documented backup and recovery procedures,False
1077,206,A,Absence of a formal change approval process,False
1077,206,B,Lack of input validation,True
1077,206,C,Use of weak encryption,False
1077,206,D,Lack of a data dictionary,False
1078,206,A,Post-implementation review phase,True
1078,206,B,Final implementation phase,False
1078,206,C,User acceptance testing (UAT) phase,False
1078,206,D,Design review phase,False
1079,206,A,Provide notification to employees about possible email monitoring.,False
1079,206,B,Develop an information classification scheme.,True
1079,206,C,Require all employees to sign nondisclosure agreements (NDAs).,False
1079,206,D,Develop an acceptable use policy for end-user computing (EUC).,False
1080,206,A,Platform as a Service (PaaS),False
1080,206,B,Software as a Service (SaaS),True
1080,206,C,Database as a Service (DBaaS),False
1080,206,D,Infrastructure as a Service (laaS),False
1081,206,A,Notify senior management.,False
1081,206,B,Block all compromised network nodes.,False
1081,206,C,Identify nodes that have been compromised.,False
1081,206,D,Contact law enforcement.,True
1082,206,A,Documentation of AI algorithm accuracy during the training process,False
1082,206,B,Ethical and optimal utilization of data computing resources,False
1082,206,C,Collection of data and obtaining data subject consent,True
1082,206,D,Continuous monitoring of AI algorithm performance,False
1083,206,A,Vendor software inventories,False
1083,206,B,Network architecture diagrams,False
1083,206,C,System-wide incident reports,False
1083,206,D,Inventory of end-of-life software,True
1084,206,A,Haphazard sampling,False
1084,206,B,Random sampling,False
1084,206,C,Statistical sampling,True
1084,206,D,Stratified sampling,False
1085,206,A,Detective,False
1085,206,B,Preventive,True
1085,206,C,Compensating,False
1085,206,D,Corrective,False
1086,206,A,Patches are deployed from multiple deployment servers.,False
1086,206,B,There is no process in place to scan the network to identify missing patches.,True
1086,206,C,Patches for medium- and low-risk vulnerabilities are omitted.,False
1086,206,D,There is no process in place to quarantine servers that have not been patched.,False
1087,206,A,"Application related documentation was updated to reflect the changes in the new
version",False
1087,206,B,Security configurations were appropriately applied to the new version,True
1087,206,C,Users were provided security training on the new version,False
1087,206,D,Lessons teamed analysis was documented after the upgrade,False
1088,206,A,Documenting security control requirements and obtaining internal audit sign off,False
1088,206,B,Including project team members who can provide security expertise,True
1088,206,C,Reverting to traditional waterfall software development life cycle (SDLC) techniques,False
1088,206,D,Requiring the project to go through accreditation before release into production,False
1089,206,A,There are no formal milestone sign-offs.,False
1089,206,B,Qualitative risk analyses have not been updated.,False
1089,206,C,Ongoing issues are not formally tracked.,True
1089,206,D,Project management software is not being used.,False
1090,206,A,Uploading a file onto an internal server,False
1090,206,B,Viewing a hypertext markup language (HTML) document,False
1090,206,C,Downloading a file from an enterprise file share,False
1090,206,D,Opening an email attachment from an external account,True
1091,206,A,Log files are reviewed in multiple locations.,False
1091,206,B,Log files are concurrently updated.,False
1091,206,C,Log files are encrypted and digitally signed.,True
1091,206,D,Log files of the servers are synchronized.,False
1092,206,A,Create regional centers of excellence.,False
1092,206,B,Engage an IT governance consultant.,False
1092,206,C,Create regional IT steering committees.,False
1092,206,D,Update the IT steering committee's formal charter.,True
1093,206,A,Physical access controls on the device,False
1093,206,B,Security and quality certification of the device,True
1093,206,C,Device identification and authentication,False
1093,206,D,Confirmation that the device is regularly updated,False
1094,206,A,appropriate supervision.,False
1094,206,B,transaction logging.,False
1094,206,C,written procedure manuals.,False
1094,206,D,access authorization tables.,True
1095,206,A,A decrease in the number of information security audit findings,False
1095,206,B,An increase in the number of staff who complete awareness training,False
1095,206,C,An increase in the number of phishing emails reported by employees,True
1095,206,D,A decrease in the number of malware outbreaks,False
1096,206,A,a business impact analysis (BIA) is conducted.,False
1096,206,B,EUC controls are reviewed.,False
1096,206,C,EUC use cases are assessed and documented.,False
1096,206,D,an EUC policy is developed.,True
1097,206,A,audit management.,True
1097,206,B,the police.,False
1097,206,C,the audit committee.,False
1097,206,D,auditee line management.,False
1098,206,A,Physical sign-in of all employees for access to restricted areas,False
1098,206,B,Implementation of additional PIN pads,False
1098,206,C,Periodic review of access profiles by management,True
1098,206,D,Installation of closed-circuit television (CCTV),False
1099,206,A,An increase to the threat landscape,True
1099,206,B,A decrease in data quality in the ERP system,False
1099,206,C,A decrease in network performance,False
1099,206,D,An increase in potential fines from regulators,False
1100,206,A,Professional skepticism,False
1100,206,B,Management's agreement,False
1100,206,C,Materiality,True
1100,206,D,Inherent risk,False
1101,206,A,Control self-assessments (CSAs),False
1101,206,B,Interviews with control owners,False
1101,206,C,Regression analysis,False
1101,206,D,Benford’s law analysis,True
1102,206,A,Accept the auditee's response and perform additional testing.,False
1102,206,B,Suggest hiring a third-party consultant to perform a current state assessment.,False
1102,206,C,Conduct further discussions with the auditee to develop a mitigation plan.,True
1102,206,D,Issue a final report without including the opinion of the auditee.,False
1103,206,A,Security awareness training,False
1103,206,B,Data encryption,False
1103,206,C,Data classification,True
1103,206,D,Access controls,False
1104,206,A,Integrity,False
1104,206,B,Availability,True
1104,206,C,Confidentiality,False
1104,206,D,Nonrepudiation,False
1105,206,A,Independence,True
1105,206,B,Professional conduct,False
1105,206,C,Subject matter expertise,False
1105,206,D,Resource availability,False
1106,206,A,Encryption,False
1106,206,B,Chip and PIN,True
1106,206,C,Hashing,False
1106,206,D,Biometric authentication,False
1107,206,A,Service discovery,False
1107,206,B,Backup and restoration capabilities,False
1107,206,C,Network throttling,False
1107,206,D,Scalable architectures and systems,True
1108,206,A,Understanding the purpose of each spreadsheet,True
1108,206,B,Identifying the spreadsheets with built-in macros,False
1108,206,C,Reviewing spreadsheets based on file size,False
1108,206,D,Ascertaining which spreadsheets are most frequently used,False
1109,206,A,The information security policy has not been updated in the last two years.,False
1109,206,B,"Senior management was not involved in the development of the information security
policy.",False
1109,206,C,A list of critical information assets was not included in the information security policy.,False
1109,206,D,The information security policy is not aligned with regulatory requirements.,True
1110,206,A,Strong encryption algorithms,False
1110,206,B,Kerberos authentication,False
1110,206,C,Registration authority,False
1110,206,D,Certificate authority (CA),True
1111,206,A,filed in production for future reference in researching the problem.,False
1111,206,B,applied to the source code that reflects the version in production.,False
1111,206,C,eliminated from the source code that reflects the version in production.,True
1111,206,D,reinstalled when replacing the version back into production.,False
1112,206,A,The reports are printed by the same person who reviews them.,False
1112,206,B,The reports are available to all end users.,False
1112,206,C,The report definitions file is not included in routine backups.,False
1112,206,D,The report definitions can be modified by end users.,True
1113,206,A,IT application owners have sole responsibility for architecture approval.,True
1113,206,B,The architecture review board is chaired by the CIO.,False
1113,206,C,Information security requirements are reviewed by the EA program.,False
1113,206,D,The EA program governs projects that are not IT-related.,False
1114,206,A,User acceptance testing (UAT),False
1114,206,B,Black box testing,False
1114,206,C,White box testing,True
1114,206,D,Penetration testing,False
1115,206,A,Database access control,False
1115,206,B,Established maintenance windows,False
1115,206,C,Network based access controls,False
1115,206,D,Change management,True
1116,206,A,An employee using a cloud based order management tool without approval from IT,True
1116,206,B,An employee using a company provided laptop to access personal banking information,False
1116,206,C,An employee using personal email to communicate with clients without approval from IT,False
1116,206,D,An employee using a company-provided tablet to access social media during work hours,False
1117,206,A,Identify staff training needs related to compliance requirements.,False
1117,206,B,Analyze historical compliance-related audit findings.,False
1117,206,C,Research and purchase an industry-recognized IT compliance tool,False
1117,206,D,"Identify applicable laws, regulations, and standards.",True
1118,206,A,"When the model was tested with data drawn from a different population, the accuracy
decreased.",False
1118,206,B,The data set for training the model was obtained from an unreliable source.,True
1118,206,C,An open-source programming language was used to develop the model.,False
1118,206,D,The model was tested with data drawn from the same population as the training data.,False
1119,206,A,Perform testing to validate the accuracy of management's self-assessment.,True
1119,206,B,Advise management on the self-assessment process.,False
1119,206,C,Design testing procedures for management to assess process controls effectively.,False
1119,206,D,De-scope business processes to be covered by CSAs from future audit plans.,False
1120,206,A,Qualifications of the prior auditor,True
1120,206,B,Management agreement with recommendations,False
1120,206,C,Duration of the prior audit,False
1120,206,D,Number of findings identified by the prior auditor,False
1121,206,A,"Programmers should be allowed to implement emergency fixes only after obtaining
verbal agreement from the application owner.",False
1121,206,B,"Emergency program changes should be subject to program migration and testing
procedures before they are applied to operational systems.",True
1121,206,C,"Bypass user ID procedures should be put in place to ensure that the changes are
subject to after-the-event approval and testing.",False
1122,206,A,Data migration,False
1122,206,B,Sociability testing,False
1122,206,C,User acceptance testing (UAT),True
1122,206,D,Initial user access provisioning,False
1123,206,A,indicate whether the organization meets quality standards.,False
1123,206,B,ensure that IT staff meet performance requirements.,False
1123,206,C,train and educate IT staff.,False
1123,206,D,assess IT functions and processes.,True
1124,206,A,Detective,True
1124,206,B,Preventive,False
1124,206,C,Corrective,False
1124,206,D,Deterrent,False
1125,206,A,Measuring user satisfaction with the quality of the training,False
1125,206,B,Evaluating the results of a social engineering exercise,True
1125,206,C,Reviewing security staff performance evaluations,False
1125,206,D,Performing an analysis of the number of help desk calls,False
1126,206,A,"The source data is pre-selected so that it already supports senior management's desired
business decision outcome.",False
1126,206,B,"The source data is from the current year of operations so that irrelevant data from prior
years is not included.",False
1126,206,C,"The source data is modified in the data warehouse to remove confidential or sensitive
information.",False
1126,206,D,The source data is standardized and cleansed before loading into the data warehouse.,True
1127,206,A,nonrepudiation.,False
1127,206,B,"authorization,",False
1127,206,C,"integrity,",True
1127,206,D,authenticity.,False
1128,206,A,Log file size has grown year over year.,False
1128,206,B,Critical events are being logged to immutable log files.,False
1128,206,C,Applications are logging events into multiple log files.,False
1128,206,D,Data formats have not been standardized across all logs.,True
1129,206,A,Enhancing the design of data visualization,False
1129,206,B,Increasing speed and efficiency of audit procedures,False
1129,206,C,Confirming completeness and accuracy,True
1129,206,D,Decreasing the time for data analytics execution,False
1130,206,A,"Consult the legal department to understand the procedure for requesting data from a
different jurisdiction.",True
1130,206,B,"Conduct a walk through of the analytical strategy with stakeholders of the audited
branch to obtain their buy-in.",False
1130,206,C,"Request the data from the branch as the team audit charter covers the country where it
is based.",False
1130,206,D,Agree on a data extraction and sharing strategy with the IT team of the audited branch.,False
1131,206,A,Extraction,False
1131,206,B,Data acquisition,False
1131,206,C,Imaging,False
1131,206,D,Normalization,True
1132,206,A,Network capacity testing has not been performed.,False
1132,206,B,The business continuity plan (BCP) has not been tested in the past six months.,False
1132,206,C,Non-critical applications are also connected to both connections.,False
1132,206,D,Both connections are from the same provider.,True
1133,206,A,The administrator must obtain temporary access to make critical changes.,False
1133,206,B,The administrator will need to request additional approval for critical changes.,True
1133,206,C,The administrator must sign a due diligence agreement.,False
1133,206,D,The administrator will be subject to unannounced audits.,False
1134,206,A,Perform a cost-benefit analysis.,False
1134,206,B,Document and inform the audit committee.,True
1134,206,C,Report the finding to external regulators.,False
1134,206,D,Notify senior management.,False
1135,206,A,"Developers introducing the changes will review the work, as they are most familiar with
them.",True
1135,206,B,"Peer developers from the same development team who are unfamiliar with the changes
will review them.",False
1135,206,C,"Developers from a separate development team in the organization will review the
submitted changes.",False
1135,206,D,"Reviewers outside the development group who do not have development roles will
review the changes.",False
1136,206,A,Insufficient physical security around the lo I devices for theft prevention,False
1136,206,B,Use of open-source software components within the loT devices,True
1136,206,C,Constraints in loT device firmware storage space for code upgrades,False
1136,206,D,loT devices that are not using wireless network connectivity,False
1137,206,A,Disks of the array cannot be hot-swapped for quick recovery.,False
1137,206,B,The array cannot offer protection against disk corruption.,False
1137,206,C,The array relies on proper maintenance.,False
1137,206,D,The array cannot recover from a natural disaster.,True
1138,206,A,Stress,True
1138,206,B,Parallel,False
1138,206,C,Regression,False
1138,206,D,Interface,False
1139,206,A,conform to industry standards.,False
1139,206,B,apply to all business units.,False
1139,206,C,provide actionable data.,True
1139,206,D,are easy to understand.,False
1140,206,A,There is no process documentation for some system interfaces.,False
1140,206,B,Notifications of data transfers through the interfaces are not retained.,False
1140,206,C,Parts of the data transfer process are performed manually.,False
1140,206,D,There is no reliable inventory of system interfaces.,True
1141,206,A,Fuzzing,False
1141,206,B,Usability test,False
1141,206,C,Fault grading,False
1141,206,D,Load test,True
1142,206,A,Reliable products are guaranteed.,False
1142,206,B,Repeatable software development procedures are established.,True
1142,206,C,Programmers' efficiency is improved.,False
1142,206,D,Security requirements are added to software development processes.,False
1143,206,A,Evaluating a third-party customer satisfaction survey,False
1143,206,B,Providing advice on an IT project management framework,False
1143,206,C,Designing security controls for a new cloud-based workforce management system,True
1143,206,D,Reviewing secure software development guidelines adopted by an organization,False
1144,206,A,Perimeter firewall,False
1144,206,B,Data loss prevention (DLP) system,False
1144,206,C,Network segmentation,True
1144,206,D,Web application firewall (WAF),False
1145,206,A,Business objectives,True
1145,206,B,Business impact analysis (BIA),False
1145,206,C,Enterprise architecture (EA),False
1145,206,D,Recent incident trends,False
1146,206,A,Testing documentation does not show manager approval.,False
1146,206,B,Testing documentation is dated three weeks before the system implementation date.,False
1146,206,C,"Testing documentation is approved prior to completion of user acceptance testing
(UAT).",True
1146,206,D,Testing documentation is kept in hard copy format.,False
1147,206,A,Project sponsor,True
1147,206,B,Project manager,False
1147,206,C,IT strategy committee,False
1147,206,D,Board of directors,False
1148,206,A,"Internal auditors share the audit plan and control test plans with management prior to
audit commencement.",False
1148,206,B,"Internal auditors design remediation plans to address control gaps identified by internal
audit.",True
1148,206,C,Internal auditors attend IT steering committee meetings.,False
1148,206,D,Internal auditors recommend appropriate controls for systems in development.,False
1149,206,A,A log of privileged account use is reviewed.,True
1149,206,B,A disaster recovery plan (DRP)4% in place for the entire system.,False
1149,206,C,User IDs are suspended after three incorrect passwords have been entered.,False
1149,206,D,Users are required to request additional access via an electronic mail system.,False
1150,206,A,Higher operating system license fees,False
1150,206,B,More applications affected by a server outage,True
1150,206,C,Simplified asset management,False
1150,206,D,Fewer application servers requiring vulnerability scans,False
1151,206,A,Conduct a mock conversion test.,True
1151,206,B,Review test procedures and scenarios.,False
1151,206,C,Automate the test scripts.,False
1151,206,D,Establish a configuration baseline.,False
1152,206,A,Conduct periodic onsite assessments using agreed-upon criteria.,True
1152,206,B,Conduct an unannounced vulnerability assessment of the vendor’s IT systems.,False
1152,206,C,Periodically review the service level agreement (SLA) with the vendor.,False
1152,206,D,Obtain evidence of the vendor's control self-assessment (CSA).,False
1153,206,A,risk of fire.,False
1153,206,B,backup tape failures.,False
1153,206,C,static electricity problems.,True
1153,206,D,employee discomfort.,False
1154,206,A,Decreased number of calls to the help desk,False
1154,206,B,Decreased time for incident resolution,True
1154,206,C,Increased number of incidents reviewed by IT management,False
1154,206,D,Increased number of reported critical incidents,False
1155,206,A,CAATs are easily developed,False
1155,206,B,Improved regression testing,True
1155,206,C,Ease of maintaining automated test scripts,False
1155,206,D,Reduces the scope of acceptance testing,False
1156,206,A,Maintaining detailed system documentation,False
1156,206,B,Managing and planning for IT investments,True
1156,206,C,Executing customized development and delivery of projects,False
1156,206,D,Enforcing the IT policy across the organization,False
1157,206,A,The previous year’s IT strategic goals were not achieved.,False
1157,206,B,Target architecture is defined at a technical level.,False
1157,206,C,Financial estimates of new initiatives are disclosed within the document.,False
1157,206,D,Strategic IT goals are derived solely from the latest market trends.,True
1158,206,A,Inability to quickly modify and deploy a solution,False
1158,206,B,Lack of portability for users,False
1158,206,C,Loss of time due to manual processes,False
1158,206,D,Calculation errors in spreadsheets,True
1159,206,A,assessing user satisfaction levels.,False
1159,206,B,interviewing the security administrator.,False
1159,206,C,analyzing equipment maintenance logs.,True
1159,206,D,reviewing system-generated logs.,False
1160,206,A,Programmers' subsequent reports,False
1160,206,B,Limited number of super users,False
1160,206,C,Operator logs,False
1160,206,D,Automated log of changes,True
1161,206,A,Evaluate developer training.,False
1161,206,B,Evaluate the incident management process.,False
1161,206,C,Evaluate the change management process.,True
1161,206,D,Evaluate secure code practices.,False
1162,206,A,assessed the contribution of IT to the business.,False
1162,206,B,acquired and assigned appropriate resources for projects.,True
1162,206,C,compared the risk and return of IT investments.,False
1162,206,D,reviewed the achievement of the strategic IT objective.,False
1163,206,A,prevent changes from being incorporated into existing code.,False
1163,206,B,prevent developers from accessing secure source code.,False
1163,206,C,provide secure versioning and backup capabilities for existing code.,True
1163,206,D,provide automatic incorporation and distribution of modified code.,False
1164,206,A,Risk classification,False
1164,206,B,Control self-assessment (CSA),False
1164,206,C,Risk identification,False
1164,206,D,Impact assessment,True
1165,206,A,Through the use of elliptical curve cryptography on transmitted messages,False
1165,206,B,Through the use of a certificate issued by a certificate authority (CA),True
1165,206,C,Through the use of private keys to decrypt data received by a user,False
1165,206,D,Through the use of enterprise key management systems,False
1166,206,A,Cross checking testing assumptions with the solution design,False
1166,206,B,Inspecting code to ensure proper documentation,False
1166,206,C,Ensuring compliance with development methodologies,False
1166,206,D,Correcting coding errors during the testing process,True
1167,206,A,Increased independence and impartiality of recommendations,False
1167,206,B,Better understanding of the business and processes,True
1167,206,C,Ability to negotiate recommendations with management,False
1167,206,D,Increased IS audit staff visibility and availability throughout the year,False
1168,206,A,Storage location of configuration management documentation,False
1168,206,B,Processes for making changes to cloud environment specifications,True
1168,206,C,Contracts of vendors responsible for maintaining provisioning tools,False
1168,206,D,Number of administrators with access to cloud management consoles,False
1169,206,A,Implementing the tool in monitor mode to avoid unnecessary blocking of communication,False
1169,206,B,Defining and configuring policies and tool rule sets to monitor sensitive data movement,True
1169,206,C,Testing the tool in a test environment before moving to the production environment,False
1169,206,D,"Assigning responsibilities for maintaining the tool to applicable data owners and
stakeholders",False
1170,206,A,De-scope business processes to be covered by CSAs from future audit plans.,False
1170,206,B,Design testing procedures for management to assess process controls effectively.,False
1170,206,C,Perform testing to validate the accuracy of management's self-assessment.,False
1170,206,D,Advise management on the self-assessment process.,True
1171,206,A,Multi-factor authentication (MFA),False
1171,206,B,Security awareness programs for employees,True
1171,206,C,Access history log review by the business manager,False
1171,206,D,File encryption along with password protection,False
1172,206,A,The process of developing the annual audit plan,False
1172,206,B,The authority given to the audit function,True
1172,206,C,Required training for audit staff,False
1172,206,D,Audit objectives and scope,False
1173,206,A,Console log,False
1173,206,B,Exception log,False
1173,206,C,System schedule,True
1173,206,D,Database schedule,False
1174,206,A,A backup has not been identified for key approvers.,False
1174,206,B,System capacity has not been tested.,False
1174,206,C,The procedures for generating key reports have not been approved.,True
1174,206,D,The financial management system is cloud based.,False
1175,206,A,Implement data loss prevention (DLP) controls.,False
1175,206,B,Perform classification based on standards.,True
1175,206,C,Deploy intrusion detection systems (IDS).,False
1175,206,D,Test logical access controls for effectiveness.,False
1176,206,A,Procedures are not updated to coincide with the production release schedule.,False
1176,206,B,Code is deployed to production without authorization.,True
1176,206,C,A newly added program may overwrite existing production files.,False
1176,206,D,An identified bug was not resolved.,False
1177,206,A,Packet filtering router,False
1177,206,B,Circuit gateway,False
1177,206,C,Application-level gateway,True
1177,206,D,Screening router.,False
1178,206,A,Applicable laws and regulations,True
1178,206,B,Business requirements and data flows,False
1178,206,C,Data ownership,False
1178,206,D,End-user access rights,False
1179,206,A,Types of data,False
1179,206,B,Log processing efficiency,False
1179,206,C,IT organizational structure,False
1179,206,D,Log retention period,True
1180,206,A,Acceptance testing results,False
1180,206,B,Results of live processing,False
1180,206,C,Implementation methodology,True
1180,206,D,Purchasing guidelines and policies,False
1181,206,A,Business management,False
1181,206,B,Internal auditor,False
1181,206,C,Risk management,False
1181,206,D,ITC manager,True
1182,206,A,Reviewing whether all changes have been implemented,False
1182,206,B,Validating whether baselines have been established,True
1182,206,C,"Confirming whether multi-factor authentication (MFA) is deployed as part of the
operational enhancements",False
1182,206,D,Determining whether there is a process for annual review of the maintenance manual,False
1183,206,A,Hash algorithms,False
1183,206,B,Digital signatures,False
1183,206,C,Public key infrastructure (PKI),True
1183,206,D,Kerberos,False
1184,206,A,Plan approval by the audit committee,False
1184,206,B,Impacts on future audit work,False
1184,206,C,Criticality of audit findings,True
1184,206,D,Potential cost savings,False
1185,206,A,Design and development,False
1185,206,B,Final acceptance testing,False
1185,206,C,Implementation of software,False
1185,206,D,Requirements definition,True
1186,206,A,A data dictionary of the transferred data,False
1186,206,B,A technical design document for the interface configuration,True
1186,206,C,The most recent audit report from the credit agency,False
1186,206,D,The approved business case for the API,False
1187,206,A,Low-priority jobs should be avoided.,False
1187,206,B,Low-priority jobs should include the major functions.,False
1187,206,C,Low-priority jobs should be provided with optimal resources.,False
1187,206,D,Low-priority jobs should be scheduled subject to resource availability.,True
1188,206,A,User acceptance testing (UAT),False
1188,206,B,Black-box testing,False
1188,206,C,Regression testing,True
1188,206,D,Stress testing,False
1189,206,A,The array cannot offer protection against disk corruption.,False
1189,206,B,The array cannot recover from a natural disaster.,True
1189,206,C,The array relies on proper maintenance.,False
1189,206,D,Disks of the array cannot be hot-swapped for quick recovery.,False
1190,206,A,Postponing the review until all of the findings have been rectified,False
1190,206,B,Limiting the review to the deficient areas,False
1190,206,C,Verifying that all recommendations have been implemented,False
1190,206,D,Following up on the status of all recommendations,True
1191,206,A,Disaster recovery plan (DRP) testing results,False
1191,206,B,Business impact analysis (BIA),True
1191,206,C,Corporate risk management policy,False
1191,206,D,Key performance indicators (KPIs),False
1192,206,A,Enhance the firewall at the network perimeter.,False
1192,206,B,Implement a file system scanner to discover data stored in the cloud.,False
1192,206,C,Employ a cloud access security broker (CASB).,True
1192,206,D,Utilize a DLP tool on desktops to monitor user activities.,False
1193,206,A,Audit recommendations,False
1193,206,B,Industry benchmarking,False
1193,206,C,Event response procedures,False
1193,206,D,Stakeholder requirements,True
1194,206,A,Release and patch management,True
1194,206,B,Licensing agreement and escrow,False
1194,206,C,Software asset management,False
1194,206,D,Version management,False
1195,206,A,updated before an independent audit review.,False
1195,206,B,tested after an intrusion attempt into the organization's hot site.,False
1195,206,C,tested whenever new applications are implemented.,False
1195,206,D,updated based on changes to personnel and environments.,True
1196,206,A,Remote wipe capabilities,False
1196,206,B,Disk encryption,True
1196,206,C,User awareness,False
1196,206,D,Password-protected files,False
1197,206,A,Accept the longer target date and document it in the audit system.,False
1197,206,B,Determine if an interim compensating control has been implemented.,True
1197,206,C,Escalate the overdue finding to the audit committee.,False
1197,206,D,Require that remediation is completed in the agreed timeframe.,False
1198,206,A,The project will involve the use of new technology.,False
1198,206,B,The project intends to apply an object-oriented design approach.,False
1198,206,C,The project requirements are well understood.,True
1198,206,D,The project is subject to time pressures.,False
1199,206,A,Return on investment (ROI) analysis,False
1199,206,B,Earned value analysis (EVA),True
1199,206,C,Financial value analysis,False
1199,206,D,Business impact analysis (BIA),False
1200,206,A,Requiring an independent third party be present while imaging,True
1200,206,B,Securing a backup copy of the hard drive,False
1200,206,C,Generating a content hash of the hard drive,False
1200,206,D,Choosing an industry-leading forensics software tool,False
1201,206,A,Benchmarking of internal standards against peer organizations,False
1201,206,B,Inventory of the organization's approved policy exceptions,False
1201,206,C,Policy recommendations from a leading external consulting agency,False
1201,206,D,Mapping of relevant standards against the organization's controls,True
1202,206,A,Disable operational logging to enhance the processing speed and save storage.,True
1202,206,B,Adopt a service delivery model based on insights from peer organizations.,False
1202,206,C,Delegate business decisions to the chief risk officer (CRO).,False
1202,206,D,Eliminate certain reports and key performance indicators (KPIs),False
1203,206,A,Performing independent reviews of responsible parties engaged in the project,True
1203,206,B,Shortlisting vendors to perform renovations,False
1203,206,C,Ensuring the project progresses as scheduled and milestones are achieved,False
1203,206,D,Implementing data center operational controls,False
1204,206,A,A reduction in the number of reported information security incidents,False
1204,206,B,A reduction in the success rate of social engineering attacks,True
1204,206,C,A reduction in the cost of maintaining the information security program,False
1204,206,D,A reduction in the number of information security attacks,False
1205,206,A,Interactive application security testing (IAST),False
1205,206,B,Runtime application self-protection (RASP),False
1205,206,C,Dynamic analysis security testing (DAST),False
1205,206,D,Static analysis security testing (SAST),True
1206,206,A,The security policy has not been reviewed within the past year.,False
1206,206,B,Security policy documents are available on a public domain website.,True
1206,206,C,Security policies are not applicable across all business units.,False
1206,206,D,End users are not required to acknowledge security policy training.,False
1207,206,A,Noncompliance with project methodology,False
1207,206,B,Inability to achieve expected benefits,True
1207,206,C,Increased staff turnover,False
1207,206,D,Project abandonment,False
1208,206,A,Server thread count,False
1208,206,B,Server uptime,False
1208,206,C,Average response time,True
1208,206,D,HTTP server error rate,False
1209,206,A,Review of monthly performance reports submitted by the vendor,False
1209,206,B,Certifications maintained by the vendor,False
1209,206,C,Regular independent assessment of the vendor,True
1209,206,D,Substantive log file review of the vendor's system,False
1210,206,A,Availability issues,False
1210,206,B,Virtual sprawl,False
1210,206,C,Single point of failure,True
1210,206,D,Lack of patches,False
1211,206,A,The tool is implemented in monitor mode rather than block mode.,True
1211,206,B,Crawlers are used to discover sensitive data.,False
1211,206,C,Deep packet inspection opens data packets in transit.,False
1211,206,D,Encryption keys are not centrally managed.,False
1212,206,A,Ensure user workstations are running the most recent version of antivirus software.,False
1212,206,B,Maintain an onboarding and annual security awareness program.,True
1212,206,C,Include security responsibilities in job descriptions and require signed acknowledgment.,False
1212,206,D,Enforce strict email security gateway controls.,False
1213,206,A,Risk assessment results are used for informed decision-making.,True
1213,206,B,All attributes of risk are evaluated by the risk owner.,False
1213,206,C,A metrics dashboard has been approved by senior management.,False
1213,206,D,The risk register is regularly updated by risk practitioners.,False
1214,206,A,The DRP was developed by the IT department.,False
1214,206,B,The DRP has not been tested during the past three years.,True
1214,206,C,The DRP has not been updated for two years.,False
1214,206,D,The DRP does not include the recovery the time objective (RTO) for a key system.,False
1215,206,A,To replace audit responsibilities,False
1215,206,B,To reduce control costs,False
1215,206,C,To promote control ownership,True
1215,206,D,To enable early detection of risks,False
1216,206,A,The IT learn customized tool settings without seeking approval from the provider.,False
1216,206,B,The overall project took longer to complete than planned.,False
1216,206,C,The data encryption setting is not enabled in the scheduling tool.,True
1216,206,D,The IT team accesses the scheduler admin panel via a generic account.,False
1217,206,A,Regulatory compliance requirements,True
1217,206,B,Data ownership assignments,False
1217,206,C,Encryption capabilities,False
1217,206,D,Customer notification procedures,False
1218,206,A,Change approval board,True
1218,206,B,Standardized change requests,False
1218,206,C,Independent third-party approval,False
1218,206,D,Secure code review,False
1219,206,A,Destruction,True
1219,206,B,Degaussing,False
1219,206,C,Cryptographic erasure,False
1219,206,D,Overwriting,False
1220,206,A,Simulating the new infrastructure before deployment,False
1220,206,B,Prototyping and a one-phase deployment,False
1220,206,C,A deployment plan based on sequenced phases,True
1220,206,D,A big bang deployment with a successful proof of concept,False
1221,206,A,Most jobs are run manually.,False
1221,206,B,Jobs are executed during working hours.,False
1221,206,C,Job dependencies are undefined.,True
1221,206,D,Job processing procedures are missing.,False
1222,206,A,allocation of IT staff.,False
1222,206,B,project management methodologies used.,False
1222,206,C,major IT initiatives.,True
1222,206,D,links to operational tactical plans.,False
1223,206,A,To help ensure hardware and operating system requirements are considered,True
1223,206,B,"To help ensure proposed contracts and service level agreements (SLAs) address key
elements",False
1223,206,C,To help ensure the project management process complies with policies and procedures,False
1223,206,D,To help ensure adequate controls to address common threats and risks are considered,False
1224,206,A,digital certificates.,False
1224,206,B,digital signatures.,True
1224,206,C,public key infrastructure (PKI).,False
1224,206,D,authentication.,False
1225,206,A,Document management's acceptance in the audit report.,True
1225,206,B,Escalate the acceptance to the board.,False
1225,206,C,Ensure a follow-up audit is on next year's plan.,False
1225,206,D,Escalate acceptance to the audit committee.,False
1226,206,A,Integrated test facility (ITF),False
1226,206,B,Snapshots,False
1226,206,C,Data analytics,True
1226,206,D,Audit hooks,False
1227,206,A,Query the database.,False
1227,206,B,Develop an integrated test facility (ITF).,False
1227,206,C,Use generalized audit software.,True
1227,206,D,Leverage a random number generator.,False
1228,206,A,Partner with the business units to evaluate IT projects.,True
1228,206,B,Review the projects to identify similarities and eliminate duplication.,False
1228,206,C,Periodically review the projects' return on investment (ROI).,False
1228,206,D,Prioritize protects based on business and IT resource availability.,False
1229,206,A,"Increased vulnerability due to anytime, anywhere accessibility",True
1229,206,B,Increased need for user awareness training,False
1229,206,C,The use of the cloud negatively impacting IT availability,False
1229,206,D,Lack of governance and oversight for IT infrastructure and applications,False
1230,206,A,IT incident log,False
1230,206,B,Benchmarking studies,False
1230,206,C,Maturity model,True
1230,206,D,IT risk register,False
1231,206,A,Require security training for vendor staff.,False
1231,206,B,Review past incidents reported by the vendor.,False
1231,206,C,Review past audits on the vendor's security compliance.,False
1231,206,D,Require a compliance clause in the vendor contract.,True
1232,206,A,Configuring reports,False
1232,206,B,Configuring rule sets,True
1232,206,C,Enabling detection points,False
1232,206,D,Establishing exceptions workflow,False
1233,206,A,"Assessing the impact of changes to individuals and business units within the
organization",False
1233,206,B,Involving key stakeholders during the development and execution phases of the project,True
1233,206,C,Ensuring that IT project managers have sign-off authority on the business case,False
1233,206,D,Quantifying the size of the software development effort required by the project,False
1234,206,A,Adverse findings from internal and external auditors,False
1234,206,B,Lack of project portfolio status oversight,False
1234,206,C,Lack of alignment of project status reports,False
1234,206,D,Inadequate decision-making and prioritization,True
1235,206,A,Integration testing results,False
1235,206,B,Sign-off from senior management,False
1235,206,C,User acceptance testing (UAT) results,True
1235,206,D,Regression testing results,False
1236,206,A,Interview IT management to clarify the current procedure.,False
1236,206,B,Report this finding to senior management.,False
1236,206,C,Review the organization's patch management policy.,True
1236,206,D,Request a plan of action to be established as a follow-up item.,False
1237,206,A,Check,False
1237,206,B,Plan,True
1237,206,C,Do,False
1237,206,D,Act,False
1238,206,A,Security requirements have not been defined.,False
1238,206,B,Conditions under which the system will operate are unclear.,False
1238,206,C,The business case does not include well-defined strategic benefits.,False
1238,206,D,System requirements and expectations have not been clarified.,True
1239,206,A,All incidents have a severity level assigned.,False
1239,206,B,All identified incidents are escalated to the CEO and the CISO.,False
1239,206,C,Incident response is within defined service level agreements (SLAs).,False
1239,206,D,The alerting tools and incident response team can detect incidents.,True
1240,206,A,Require personal devices to be reviewed by IT staff.,False
1240,206,B,Enable port security on all network switches.,False
1240,206,C,Implement a network access control system.,True
1240,206,D,Ensure the policy requires antivirus software on devices.,False
1241,206,A,Computer-assisted audit technique (CAAT),True
1241,206,B,Stratified sampling,False
1241,206,C,Statistical sampling,False
1241,206,D,Process walk-through,False
1242,206,A,Changes are promoted to production by the development group.,True
1242,206,B,Object code can be accessed by the development group.,False
1242,206,C,Developers have access to the testing environment.,False
1242,206,D,Change approvals are not formally documented.,False
1243,206,A,Minimizing the time and cost to the organization of IS audit procedures,False
1243,206,B,Involving business in the formulation of the scope statement,False
1243,206,C,Aligning the IS audit procedures with IT management priorities,False
1243,206,D,Understanding the relationship between IT and business risks,True
1244,206,A,Ensuring the latest firmware updates are applied regularly to all devices,False
1244,206,B,Validating the identity of all devices and users before granting access to resources,True
1244,206,C,Focusing on user training and awareness to prevent phishing attacks,False
1244,206,D,Implementing strong encryption protocols for data in transit and at rest,False
1245,206,A,Judgmental sampling,False
1245,206,B,Data analytics testing,False
1245,206,C,Variable sampling,False
1245,206,D,Compliance testing,True
1246,206,A,Associate a message authentication code with each file transferred.,True
1246,206,B,Ensure the files are transferred through an intrusion detection system (IDS).,False
1246,206,C,Encrypt the packets shared between peers within the environment.,False
1246,206,D,Connect the client computers in the environment to a jump server.,False
1247,206,A,Ensure participants are selected from all cross-functional units in the organization.,False
1247,206,B,"Create exercises that are challenging enough to prove inadequacies in the current
incident response plan.",False
1247,206,C,"Ensure the incident response team will have enough distractions to simulate real-life
situations.",False
1247,206,D,"Identify the scope and scenarios that are relevant to current threats faced by the
organization.",True
1248,206,A,System recovery procedures,True
1248,206,B,Stakeholder communications during a disaster,False
1248,206,C,Validation of recovered data,False
1248,206,D,Processes for maintaining currency of data,False
1249,206,A,They can be logged into and monitored from any location.,False
1249,206,B,"They prevent access to the greater environment via Transmission Control
Protocol/Internet Protocol (TCP/IP).",False
1249,206,C,They are easier to containerize with minimal impact to the rest of the environment .,True
1249,206,D,They can be wiped quickly in the event of a security breach.,False
1250,206,A,Replace the API key with time-limited tokens that grant least privilege access.,True
1250,206,B,Authorize the API key to allow read-only access by all applications.,False
1250,206,C,"Implement a process to expire the API key after a previously agreed-upon period of
time.",False
1250,206,D,Coordinate an API key rotation exercise with all impacted application owners.,False
1251,206,A,Biometric authentication for the device,False
1251,206,B,Remote data wipe program,False
1251,206,C,Encryption of the data stored on the device,True
1251,206,D,Password for device authentication,False
1252,206,A,Risk mitigation,False
1252,206,B,Risk acceptance,True
1252,206,C,Risk transference,False
1252,206,D,Risk reduction,False
1253,206,A,Review of the general IS controls followed by a review of the application controls,True
1253,206,B,Detailed examination of financial transactions followed by review of the general ledger,False
1253,206,C,Review of major financial applications followed by a review of IT governance processes,False
1253,206,D,Review of application controls followed by a test of key business process controls,False
1254,206,A,Service level agreements (SLAs),False
1254,206,B,Project steering committee charter,False
1254,206,C,IT audit reports,True
1254,206,D,Enterprise architecture (EA),False
1255,206,A,SQL injection,False
1255,206,B,Fuzzing,True
1255,206,C,Brute force,False
1255,206,D,Password spraying,False
1256,206,A,Performing preventive maintenance on old hardware,False
1256,206,B,Acquiring applications that emulate old software,False
1256,206,C,Regularly migrating data to current technology,True
1256,206,D,Periodically backing up archived data,False
1257,206,A,Utilize strong anti-malware controls on all computing devices.,False
1257,206,B,Update security policies and procedures.,False
1257,206,C,Implement an intrusion detection system (IDS).,False
1257,206,D,Implement multi-factor authentication.,True
1258,206,A,Encryption of corporate network traffic,False
1258,206,B,Complex user passwords,False
1258,206,C,End-to-end encryption,True
1258,206,D,Digital signatures,False
1259,206,A,chief financial officer (CFO).,False
1259,206,B,chief risk officer (CRO).,False
1259,206,C,IT steering committee.,True
1259,206,D,IT operations manager.,False
1260,206,A,"Increase the defined processing threshold to reflect capacity consumption during normal
operations.",False
1260,206,B,Notify end users of potential disruptions caused by degradation of servers.,False
1260,206,C,Terminate both ingress and egress connections of these servers to avoid overload.,False
1260,206,D,"Validate the processing capacity of these servers is adequate to complete computing

tasks.",True
1261,206,A,User authorization procedures for application access are well established.,False
1261,206,B,User-prepared detailed test criteria for acceptance testing of the software.,False
1261,206,C,Adequate testing was carried out by the development team.,False
1261,206,D,Access to production source and object programs is well controlled.,True
1262,206,A,Managing privileged access to databases servers and infrastructure,False
1262,206,B,Identifying vulnerabilities in configuration settings,False
1262,206,C,Deploying a configuration change to the sandbox environment,False
1262,206,D,Identifying other configuration items that will be impacted by a given change,True
1263,206,A,Define key performance indicators (KPIs) for IT.,False
1263,206,B,Modify IT initiatives that do not map to business strategies.,False
1263,206,C,Reassess the return on investment (ROI) for the IT initiatives.,False
1263,206,D,Reassess IT initiatives that do not map to business strategies.,True
1264,206,A,IT operations manager,False
1264,206,B,Data owner,True
1264,206,C,Database administrator (DBA),False
1264,206,D,Information security manager,False
1265,206,A,Ownership of the system quality management plan,False
1265,206,B,Utilization of standards in the system development processes and procedures,True
1265,206,C,Validation that system development processes adhere to quality standards,False
1265,206,D,Definition of quality attributes to be associated with the system,False
1266,206,A,Route the traffic from the sensor system through a proxy server.,False
1266,206,B,Hash the data that is transmitted from the sensor system.,True
1266,206,C,Implement network address translation on the sensor system.,False
1266,206,D,Transmit the sensor data via a virtual private network (VPN) to the server.,False
1267,206,A,Restricting access to DBA activities,False
1267,206,B,Performing periodic access reviews,False
1267,206,C,Storing logs of database access,False
1267,206,D,Reviewing activity logs of the DBA,True
1268,206,A,The encryption keys are not kept under dual control.,False
1268,206,B,The cloud vendor does not have multi-regional presence.,False
1268,206,C,Symmetric keys are used for encryption.,False
1268,206,D,Data encryption keys are accessible to the service provider.,True
1269,206,A,Increase involvement of senior management in IT.,False
1269,206,B,Optimize investments in IT.,True
1269,206,C,Create risk awareness across business units.,False
1269,206,D,Monitor the effectiveness of IT.,False
1270,206,A,Data Encryption Standard (DES),False
1270,206,B,Advanced Encryption Standard (AES),False
1270,206,C,Public Key Infrastructure (PKI),True
1270,206,D,Virtual Private Network (VPN),False
1271,206,A,Review the decision-making logic built into the system.,True
1271,206,B,Interview the system owner.,False
1271,206,C,Understand the purpose and functionality of the system.,False
1271,206,D,Verify system adherence to corporate policy.,False
1272,206,A,Implementer,False
1272,206,B,Facilitator,True
1272,206,C,Approver,False
1272,206,D,Reviewer,False
1273,206,A,Using a continuous auditing module,True
1273,206,B,Interviewing business management,False
1273,206,C,Confirming accounts,False
1273,206,D,Reviewing program documentation,False
1274,206,A,Predicting an attack before it occurs,False
1274,206,B,Alerting when a scheduled backup job fails,False
1274,206,C,Blocking malicious network traffic,False
1274,206,D,Warning when executable programs are modified,True
1275,206,A,Request an immediate backup be performed.,False
1275,206,B,Expand the audit scope.,False
1275,206,C,Identify the root cause.,True
1275,206,D,Include the observation in the report.,False
1276,206,A,The person who tests source code also approves changes.,False
1276,206,B,The person who administers servers is also part of the infrastructure management team.,False
1276,206,C,The person who creates new user accounts also modifies user access levels.,False
1276,206,D,The person who edits source code also has write access to production.,True
1277,206,A,Session hijacking,False
1277,206,B,Eavesdropping,True
1277,206,C,Piggybacking,False
1277,206,D,Phishing attacks,False
1278,206,A,Estimated cost and time,False
1278,206,B,Level of risk reduction,False
1278,206,C,Expected business value,True
1278,206,D,Available resources,False
1279,206,A,Perform a root cause analysis.,False
1279,206,B,Document all steps taken in a written report.,False
1279,206,C,Isolate the affected system.,False
1279,206,D,Invoke the incident response plan.,True
1280,206,A,Risk management,False
1280,206,B,Business management,True
1280,206,C,IT manager,False
1280,206,D,Internal auditor,False
1281,206,A,A decommissioned legacy application,False
1281,206,B,An onsite application that is unsupported,False
1281,206,C,An outsourced accounting application,True
1281,206,D,An internally developed application,False
1282,206,A,Focus on limiting the damage.,True
1282,206,B,Remove and restore the affected systems.,False
1282,206,C,Verify that the compromised systems are fully functional.,False
1282,206,D,Document the incident.,False
1283,206,A,Conduct a business impact analysis (BIA),False
1283,206,B,Perform penetration testing,False
1283,206,C,identify project delays,False
1283,206,D,Verify user access controls,True
1284,206,A,RAID level 5 storage devices,False
1284,206,B,A mirrored site at another location,True
1284,206,C,Online backups,False
1284,206,D,Clustered architecture,False
1285,206,A,Integration testing,True
1285,206,B,Parallel testing,False
1285,206,C,Sociability testing,False
1285,206,D,User acceptance testing (UAT),False
1286,206,A,Error log review,False
1286,206,B,Total number of items,False
1286,206,C,Hash totals,True
1286,206,D,Aggregate monetary amount,False
1287,206,A,The transactions are in double integer format.,False
1287,206,B,The transaction amounts are selected randomly without restriction.,False
1287,206,C,The transaction analysis is limited to transactions within standard deviation.,False
1287,206,D,The transactions are all in the same currency.,True
1288,206,A,Network traffic logs,False
1288,206,B,Deep packet inspection,True
1288,206,C,Data inventory,False
1288,206,D,Proprietary encryption,False
1289,206,A,"Request that the IT manager be removed from the remaining meetings and future
audits.",False
1289,206,B,"Modify the finding to include the IT manager's comments and inform the audit manager
of the changes.",False
1289,206,C,Remove the finding from the report and continue presenting the remaining findings.,False
1289,206,D,Provide the evidence which supports the finding and keep the finding in the report.,True
1290,206,A,The mobile authentication policy requires biometrics.,False
1290,206,B,"The virtual private network (VPN) policy is not enabled for the internal corporate
network.",False
1290,206,C,Not all active devices are enrolled in mobile device management (MDM).,True
1290,206,D,Remote wipe and lock features are only available with access to the internet.,False
1291,206,A,Include the user termination process in all upcoming audits.,False
1291,206,B,Review user termination process changes.,False
1291,206,C,Review the internal audit sampling methodology.,True
1291,206,D,Review control self-assessment (CSA) results.,False
1292,206,A,Detecting processing errors in a timely manner,True
1292,206,B,Identifying configuration flaws in operating systems,False
1292,206,C,Managing the usability and capacity of IT resources,False
1292,206,D,Generating exception reports to assess security compliance,False
1293,206,A,Ineffective incident detection,True
1293,206,B,Ineffective incident dashboard,False
1293,206,C,Ineffective incident classification,False
1293,206,D,Ineffective post-incident review,False
1294,206,A,Internal audit activity conforms with audit standards and methodology.,True
1294,206,B,The audit function is adequately governed and meets performance metrics.,False
1294,206,C,Inherent risk in audits is minimized.,False
1294,206,D,Audit resources are used most effectively.,False
1295,206,A,Web application firewall (WAF) implementation,False
1295,206,B,Penetration test results,True
1295,206,C,Code review by a third party,False
1295,206,D,Database application monitoring logs,False
1296,206,A,Write-protecting media that contains evidence,True
1296,206,B,Creating digital images of the media that contains evidence,False
1296,206,C,Generating hash values of evidence files on media,False
1296,206,D,Maintaining the chain of custody for digital evidence,False
1297,206,A,Badge identification worn by visitors,False
1297,206,B,Escort requirement for visitor access,True
1297,206,C,Management approval of visitor access,False
1297,206,D,Verification of visitor identification,False
1298,206,A,information system investment is retired.,False
1298,206,B,information system has reached end of life.,False
1298,206,C,formal investment decision is approved.,False
1298,206,D,benefits have been fully realized.,True
1299,206,A,Key performance indicators (KPIs),False
1299,206,B,Mean time to restore (MTTR),False
1299,206,C,Maximum allowable downtime (MAD),True
1299,206,D,Recovery point objective (RPO),False
1300,206,A,Activity log for the account,True
1300,206,B,Interview with the user's manager,False
1300,206,C,Last logon date for the account,False
1300,206,D,Documented approval for the account,False
1301,206,A,Threat modeling,True
1301,206,B,Concept mapping,False
1301,206,C,Prototyping,False
1301,206,D,Threat intelligence,False
1302,206,A,the organization's network.,False
1302,206,B,the demilitarized zone (DMZ).,False
1302,206,C,the Internet.,True
1302,206,D,the organization's web server.,False
1303,206,A,System virtualization,False
1303,206,B,Job scheduling,True
1303,206,C,Zero Trust,False
1303,206,D,Code optimization,False
1304,206,A,Audit charter,True
1304,206,B,Annual audit plan,False
1304,206,C,Engagement letter,False
1304,206,D,Audit scope letter,False
1305,206,A,Scalability,False
1305,206,B,Maintainability,False
1305,206,C,Nonrepudiation,False
1305,206,D,Privacy,True
1306,206,A,Implementing policies that prohibit the use of unauthorized systems and solutions,True
1306,206,B,Training employees on information security and conducting routine follow-ups,False
1306,206,C,Providing employees with access to necessary systems and unlimited software licenses,False
1306,206,D,Conducting regular security assessments to identify unauthorized systems and solutions,False
1307,206,A,Wi-Fi Protected Access 3 (WPA3),True
1307,206,B,Data Encryption Standard (DES),False
1307,206,C,Wired Equivalent Privacy (WEP),False
1307,206,D,Secure Sockets Layer (SSL),False
1308,206,A,The transfer protocol does not require authentication.,True
1308,206,B,The quality of the data is not monitored.,False
1308,206,C,Imported data is not disposed of frequently.,False
1308,206,D,The transfer protocol is not encrypted.,False
1309,206,A,The auditor should act as a program facilitator.,True
1309,206,B,The auditor should focus on improving process productivity,False
1309,206,C,The auditor should perform detailed audit procedures,False
1309,206,D,The auditor's presence replaces the audit responsibilities of other team members.,False
1310,206,A,High number of low-risk findings in the audit report,False
1310,206,B,Increasing exceptions approved by management,True
1310,206,C,Increasing complexity of business transactions,False
1310,206,D,Completion of annual IT risk assessment,False
1311,206,A,Standards,False
1311,206,B,Guidelines,False
1311,206,C,Policies,False
1311,206,D,Procedures,True
1312,206,A,Reduced costs associated with automating the review,False
1312,206,B,Increased likelihood of detecting suspicious activity,True
1312,206,C,Ease of storing and maintaining log file,False
1312,206,D,Ease of log retrieval for audit purposes,False
1313,206,A,Printing of scan files,False
1313,206,B,File movement detection,False
1313,206,C,Enforcement of access policies,False
1313,206,D,Storage-scanning technology,True
1314,206,A,Reviewing results from simulated high-demand stress test scenarios,True
1314,206,B,Performing a root cause analysis for past performance incidents,False
1314,206,C,Anticipating current service level agreements (SLAs) will remain unchanged,False
1314,206,D,Duplicating existing disk drive systems to improve redundancy and data storage,False
1315,206,A,A review of personnel files.,False
1315,206,B,An analysis of documented job descriptions.,False
1315,206,C,A review of the organizational chart.,False
1315,206,D,A walk-through of job functions.,True
1316,206,A,Enterprise architecture (EA),True
1316,206,B,Operational technologies,False
1316,206,C,Data architecture,False
1316,206,D,Robotic process automation (RPA),False
1317,206,A,IT portfolio management.,False
1317,206,B,IT resource management.,True
1317,206,C,system support documentation.,False
1317,206,D,change management.,False
1318,206,A,Restrict access to removable media ports on company devices.,False
1318,206,B,Install an additional antivirus program to increase protection.,False
1318,206,C,Ensure the antivirus program contains up-to-date signature files for all company devices.,False
1318,206,D,Implement an organization-wide removable media policy.,True
1319,206,A,Ineffective risk management policy,False
1319,206,B,Lack of enterprise architecture (EA),True
1319,206,C,Lack of a maturity model,False
1319,206,D,Outdated enterprise resource planning (ERP) system,False
1320,206,A,Power conditioning unit,False
1320,206,B,Emergency power-off switches,False
1320,206,C,Battery bank,False
1320,206,D,Redundant power source,True
1321,206,A,System recovery plan,False
1321,206,B,System testing,True
1321,206,C,Business continuity plan (BCP),False
1321,206,D,Transaction monitoring,False
1322,206,A,Service provider access to organizational data,True
1322,206,B,Account hacking from other clients using the same provider,False
1322,206,C,Increased dependency on an external provider,False
1322,206,D,Service provider limiting the right to audit,False
1323,206,A,There is no software used to track change management.,False
1323,206,B,The change is not approved by the business owners.,True
1323,206,C,The change is deployed two weeks after approval.,False
1323,206,D,The development of the change is not cost-effective.,False
1324,206,A,Generator,False
1324,206,B,Voltage regulator,True
1324,206,C,Circuit breaker,False
1324,206,D,Alternate power supply line,False
1325,206,A,Rolling forward of transactions when a production server fails,False
1325,206,B,Ad hoc batch reporting jobs from the replication server,True
1325,206,C,Analysis of application performance degradation,False
1325,206,D,Hardware replacement work involving databases,False
1326,206,A,"Identify and initiate necessary changes in the control environment to help ensure
sustainable improvement.",False
1326,206,B,"Independently attest the organization’s compliance with applicable legal and regulatory
requirements.",False
1326,206,C,"Review the organization's policies and procedures against industry best practices and
standards.",False
1326,206,D,"Provide assurance to management about the effectiveness of the organization's risk
management and internal controls.",True
1327,206,A,The project may go over budget.,False
1327,206,B,The added functionality has not been documented.,False
1327,206,C,The project may fail to meet the established deadline.,False
1327,206,D,The new functionality may not meet requirements.,True
1328,206,A,Evaluate key performance indicators (KPIs).,False
1328,206,B,Conduct a gap analysis.,False
1328,206,C,Develop a maturity model.,True
1328,206,D,Implement a control self-assessment (CSA).,False
1329,206,A,Log feeds are uploaded via batch process.,False
1329,206,B,Completeness testing has not been performed on the log data.,True
1329,206,C,The log data is not normalized.,False
1329,206,D,Data encryption standards have not been considered.,False
1330,206,A,Tracking devices used for spare parts,False
1330,206,B,Creating the device policy,False
1330,206,C,vIssuing devices to employees,True
1330,206,D,Approving the issuing of devices,False
1331,206,A,Errors flowed through to financial statements,True
1331,206,B,Reduced oversight by the IT department,False
1331,206,C,Inconsistency of patching processes being followed,False
1331,206,D,Inability to monitor EUC audit logs and activities,False
1332,206,A,Corrective,False
1332,206,B,Compensating,False
1332,206,C,Preventive,True
1332,206,D,Detective,False
